NodePubkey,Commission,ActivatedStake
HEL1USMZKAL2odpNBj2oCjffnFGaYwmbGmyewGv1e2TU,0,13085308346876943
DtdSSG8ZJRZVv5Jx7K1MeWp7Zxcu19GD5wQRGRpQ9uMF,5,12901778137033086
CW9C7HBwAMgqNdXkNgFg9Ujr3edR2Ab9ymEuQnVacd1A,8,10135800028445692
Fd7btgySsrjuo25CJCj7oE7VPMyezDhnx7pZkj2v69Nk,7,9505830404338453
q9XWcZ7T1wP4bW9SB4XgNNwjnFEJ982nE8aVbbNuwot,7,9368289146687283
DWvDTSh3qfn88UoQTEKRV2JnLt5jtJAVoiCo3ivtMwXP,7,7539023227460215
EvnRmnMrd69kFdbLMxWkTn1icZ7DCceRhvmb2SJXqDo4,7,6102164733714165
DRpbCBMxVnDK7maPM5tGv6MvB3v1sRMC86PZ8okm21hy,8,5622477220830776
BtsmiEEvnSuUnKxqXj2PZRYpPJAc7C34mGz8gtJ1DAaH,100,5574273595919204
5ikB9XZNVsjwKb6hHT3FS3So1Z1SrDvU5yaniWEQyDEG,8,5546346836084692
Hz5aLvpKScNWoe9YZWxBLrQA3qzHJivBGtfciMekk8m5,100,5408969121591453
Awes4Tr6TX8JDzEhCZY2QVNimT6iD1zWHzf1vNyGvpLM,5,5405245265933192
FBKFWadXZJahGtFitAsBvbqh5968gLY7dMBBJUoUjeNi,100,5096090535608238
GoeW4aFK4dGoekJySgUynWDxBZiQJqm8GDAF4H53tDK9,10,5086060573747224
EkvdKhULbMFqjKBKotAzGi3kwMvMpYNDKJXXQQmi6C1f,100,5068123287414062
7Zm1pE4FubFYZDyAQ5Labh3A4cxDcvve1s3WCRgEAZ84,8,4996835786050646
A4hyMd3FyvUJSRafDUSwtLLaQcxRP4r1BRC9w2AJ1to2,4,4941312044549809
CXPeim1wQMkcTvEHx9QdhgKREYYJD8bnaCCqPRwJ1to1,4,4419396357017412
krakeNd6ednDPEXxHAmoBs1qKVM8kLg79PvWF2mhXV1,100,4071603529679360
JupRhwjrF5fAcs6dFhLH59r3TJFvbcyLP2NRM8UGH9H,0,3842473679808960
5pPRHniefFjkiaArbGX3Y8NUysJmQ9tMZg3FrFGwHzSm,5,3838613867752444
46nbPAKDbvAFEDQxP16QR7dQHTMVGhnrN6gPs3FrSJzc,8,3687631028746080
VymDdiepH77edNcNcKBKtRUb3gbQPtPyGh5NLcWaynj,0,3646457123466852
5EhGYUyQNrxgUbuYF4vbL2SZDT6RMfhq3yjeyevvULeC,100,3598006052660020
EfPYQ4BUMiKa6736qqrtnCBGkUSRDGSr1WvtyUgWHuyp,8,3503805359793864
6TkKqq15wXjqEjNg9zqTKADwuVATR9dW3rkNnsYme1ea,0,3500874749326208
9jxgosAfHgHzwnxsHw4RAZYaLVokMbnYtmiZBreynGFP,100,3375000480322560
BUv44cVtsdvU9z2BfFGk6s5JZZWrmVnq5qCaii5ARyyB,2,3321029998429186
EgxVyTgh2Msg781wt9EsqYx4fW8wSvfFAHGLaJQjghiL,5,3168850291304582
7y5VhV4fkz6r4zUmH2UiwPjLwXzPL1PcV28or5NWkWRL,0,3167119788444596
UPSCQNqdbiaqrQou9X9y8mr43ZHzvoNpKC26Mo7GubF,8,3026138809481037
6y7V8dL673XFzm9QyC5vvh3itWkp7wztahBd2yDqsyrK,100,2916667655378480
5Cchr1XGEg7dbBXByV5NY2ad8jfxAM7HA3x8D56rq9Ux,100,2916487475169760
Certusm1sa411sMpV9FPqU5dXAYhmmhygvxJ23S6hJ24,5,2796878213133460
Ninja1spj6n9t5hVYgF3PdnYz2PLnkt7rvaw3firmjs,3,2781386294972216
722RdWmHC5TGXBjTejzNjbc8xEiduVDLqZvoUGz6Xzbp,6,2668945515580842
XkCriyrNwS3G4rzAXtG5B1nnvb5Ka1JtCku93VqeKAr,8,2648605501823000
GSTampk6BJRKSDkzhaMM49R7qRx98MTPYYWvKbp83XKc,100,2502415687586068
5ejbTALcBsKQ7Cj1iSuu2mY5jqbYHqh9gF5ERXLiYj1z,100,2502415680489477
GQzMeEMwAR44ugoNCifTb5NdRKos1GduDUPeNh6AgV46,100,2502395552696824
BSVckjdW2f8kcXPGcrPPtV9kUDBZ8w8PjrrGVnxgEdwq,100,2502391137720913
76rcGHdPvgs8G1XrzCXUTWtwgT59AFDvpB4VbTS2TBBJ,100,2502383454498740
HpcB5Qg8Y9E73dUkot5e8HkgAJbExsYeUzniY4bCuKac,100,2500000937382560
3SkE34PVeGck2ArEffFKjihrQgURsvnoTAhitsNXNzXd,100,2500000937382560
DUND26mEDfFeaPsVof3YvbXDRvpuQX7HMUJrLgEWzYw4,100,2499999992171680
2GUnfxZavKoPfS9s3VSEjaWDzB3vNf5RojUhprCS1rSx,100,2499999939665440
Aw5wEMXhbygFLR7jHtHpih8QvxVBGAMTqsQ2SjWPk1ex,100,2499999939665440
FbYX2uN573G5WsgiPdHU6fS5PNUyjdXfGfpZNkYUuT4k,100,2409417937382560
22rU5yUmdVThrkoPieVNphqEyAtMQKmZxjwcD8v4bJDU,100,2322628994123620
FzQqaDStQQHs52YKeCnDovwSqvyZBCgs2kJcmvoFZwaS,2,2313219548151327
HnfPZDrbJFooiP9vvgWrjx3baXVNAZCgisT58gyMCgML,100,2182665921629860
G2TBEh2ahNGS9tGnuBNyDduNjyfUtGhMcssgRb8b6KfH,0,2134037340235930
GGX3BEoZDqjxcw4AbCdu62ZTMrkpSgmPt81oP2mVuZNS,7,2126601536917084
AEHqTB2RtJjegsR2ePjvoJSm6AA5pnYKWVbcsn6kqTBD,100,2083334280438320
3hkPdLyQReJwdWe7Y8JL7jRhYaBCC8GZcmWwjpiLXC9f,2,2071597947240398
7QQGNm3ptwinipDCyaCF7jY5katgmFUu1ieP2f7nwLpE,100,1875000953466200
HbidP4hpQdwhkzrxder3x3VNPt6DQnE25gFG46napD2p,100,1835664800728540
LA1NEzryoih6CQW3gwQqJQffK2mKgnXcjSQZSRpM3wc,5,1634967609135582
CAo1dCGYrB6NhHh5xb1cGjUiu86iyCfMTENxgHumSve4,10,1571519502835022
3JotfSFPaod4KVK7nj7ULvcq5PjUBdZNVGracNkJNhrt,100,1566399782840600
mrgn3H4uBbKAWBjdFKSGks3SpLm4q8YaRxUCMGa5ZBY,0,1536109662632256
HzrEstnLfzsijhaD6z5frkSE2vWZEH5EUfn3bU9swo1f,7,1525332913071538
6JKwz43wDTgk5n8eNCJrtsnNtkDdKd1XUZAvB9WkiEQ4,10,1518748177932234
GYx8kpp7SsRwtQEEsGQjAxb4hFMMmT91kFJuDeky3YGQ,100,1459427595819431
DDnAqxJVFo2GVTujibHt5cjevHMSE9bo8HJaydHoshdp,2,1451827508393852
mrgn4sJJu5GBa5wbKyjuASzhyCifvcedGoLtpKjB3Wf,0,1403118379788633
FZ4MT1HYJHd9GK8D5mJ9f3r7irLaDL5NxBNLjGqrLqs9,100,1293070464022342
CVvaeDPR2o7P1eawG5c9TPFLzSXAewwPovPmREaEL4Cm,0,1233056533969369
HLnodbYkL5PFA8hjAZDkm5pGzV7eLTvcs671AW2L6St9,0,1227505188579925
5Us18hLZPXJTS4QVuGSsUw137Dyd2tgBaem24Xsf5nBS,100,1207979324901175
ChorusmmK7i1AxXeiTtQgQZhQNiXYU84ULeaYF1EH15n,8,1205881029466141
CMPSSdrTnRQBiBGTyFpdCc3VMNuLWYWaSkE8Zh5z6gbd,5,1195334121458428
RBFiUqjYuy4mupzZaU96ctXJBy23sRBRsL3KivDAsFM,6,1140305816988206
PUmpKiNnSVAZ3w4KaFX6jKSjXUNHFShGkXbERo54xjb,0,1131948088470307
vu1sGn2f1Xim6voHNLt4nLn38zNkYdLasU7hEr1TC2D,0,1102310202016738
C1ocKDYMCm2ooWptMMnpd5VEB2Nx4UMJgRuYofysyzcA,2,1071371332779063
3fpcsJ2WPdrmpjVVA5Lmv4m9Qx5xqND1xJhFprDSjWJ4,100,1063880402001322
A9mvukTd77EbRoBX4ydSCFQHdu5bsRFkNXTTRstA8FAC,5,1042707365474775
AicQr2zCWBLiBwt2r6o7iTemmtyE7q5pTKyuuupbXEQA,100,1025633507859345
6aDs9tUm2gErcPn2c1TZnp5cu2bQV9BzyuwW4baWQYd4,8,999338727765102
7cVfgArCheMR6Cs4t6vz5rfnqd56vZq4ndaBrY5xkxXy,8,974697090971228
Va1idLRtYEtVFJFsvz8vtt1uCJgea4Q1zi2Rh3eraJh,5,956723240531375
GREEDkgav1ox1jYyd9Anv6exLqKV2vYnxMw5prGwmNKc,0,933831586227259
4QNekaDqrLmUENqkVhGCJrgHziPxkX9kridbKwunx9su,0,893585378215302
Frog1Fks1AVN8ywFH3HTFeYojq6LQqoEPzgQFx2Kz5Ch,0,864068958694434
AaapDdocMdZQaMAF1gXqKX2ixd7YYSxTpKHMcsbcF318,100,850530261764814
GmCxjmjKZoaKN1DKunbYq8RCYib94Nm3sHyncFfofaF5,100,846177759094722
Diman2GphWLwECE3swjrAEAJniezpYLxK1edUydiDZau,0,845237744910982
8uJiHDJ1b7UDQ4KFsQGJXK9nUCkokdKRJymg1Wy9nxvM,100,825470291862942
FWwwP9tNttSy9dJFxwf6ebXWfc6VJXqFNMTccrMiLFTH,100,824664091019840
juigBT2qetpYpf1iwgjaiWTjryKkY3uUTVAnRFKkqY6,4,824016019920567
58KprHKFNHgH1Cvo4QwxWkDeJNaSQVteCoAAFUWjtESn,100,822411044868480
HaLanfo94ezLc3JZ55qqxr7W3qbe1PprJyv2uEtriEqN,100,779969326034247
mint13XHZSSxtgHuTSM9qPDEJSbWktpmpM4CZxeLB8f,7,770727281382410
Atom7LRkdXj6MBoWJPgjaetrCMrgB9nnkQBYXTWE8Z3S,0,761789828305979
7PdKhpKz7T39vZHFL1UfcYNDsLvay6hp4KPQq1aUckFf,5,737792087239264
CwyVpfmfSiMeCexi3JgUNvaiDfYN14cLDjzT99zcBuD2,100,731923047151360
BXAxLMMMUNYfC1z166VjWHR3WjTmqzLxB837o5ghmRtH,3,709190317986713
Ex1AxFCipXGfSxgvXPPT3nPQUARddCduHwKR6jHiXAaT,3,689789605637716
Cogent51kHgGLHr7zpkpRjGYFXM57LgjHjDdqXd4ypdA,0,688960408120805
3B2mGaZoFwzAnWCoZ4EAKdps4FbYbDKQ48jo8u1XWynU,5,660373559267273
3RXKQBRv7xKTQeNdLSPhCiD4QcUfxEQ12rtgUkMf5LnS,0,631261162980319
Fc6NNdS2j3EmrWbU6Uqt6wsKB5ef72NjaWfNxKYbULGD,5,609586187208526
STaKesuXJH6UGRizuEVSWG1tyLu5ycKgWj3i1HUdvs5,0,608818060316312
FugJZepeGfh1Ruunhep19JC4F3Hr2FL3oKUMezoK8ajp,2,587842865220996
DTSUkYHd2e9P2HLyZfbLarsbDdPhQUhZnWjRYuJZQRC8,0,558604251028204
7mYeuc2iBaWRpkxATYteXxe2pMjzQ7XhPgP1xG6vTjDh,20,541362469419462
57i31UEyDg4koaZMZ1wAHbYuezXv3AVaHtvJgJarxt3f,0,501480604136875
23U4mgK9DMCxsv2StC4y2qAptP25Xv5b2cybKCeJ1to3,0,500577776946894
Fire6ZGPLaqBBGWXC8PgweVjREVXRhwzgRNkdGs1wfQM,0,495447480473821
DB7DNWMVQASMFxcjkwdr4w4eg3NmfjWTk2rqFMMbrPLA,0,483158238170907
CjmXSapt1ouz3CZzgkRJckBEwMSo5fVdVrizLeRscwYD,5,482887081719383
D4r6Rcua2L7nHHhdaiZe2k2bTfPg2WQqcNYpG6bugvCG,0,473420256497902
sTepQGoReJq2tBKStL19DT6nnGHcGiAvFjyYaokLyuM,7,455904225220340
AoUwfPuiEek2thVRDhMP7HbQb9rguyab4rDiz2NAfwwA,6,453389176017414
mrgn28BhocwdAUEenen3Sw2MR9cPKDpLkDvzDdR7DBD,0,440694579093159
2mMGsb5uy1Q4Dvezr8HK2E8SJoChcb2X7b61tJPaVHHd,5,434908164454265
23SUe5fzmLws1M58AnGnvnUBRUKJmzCpnFQwv4M4b9Er,5,430870486454722
5tfcGyf3NQFcufDigvbRt9kWoVN2KPEkBRUY3UaC3Zwm,1,418826483797831
RNXnAJV1DeBt6Lytjz4wYzvS3d6bhsfidS5Np4ovwZz,5,408024578029791
7GkMBmtrTZz8QbjSe1sXvAUtz7Pp42SQxfT5ymmJD4We,9,397360493744711
7CR3Jq4ny2tsr3DX3DvyjoU8TYs776MGkU6nLMWjAqCT,100,384683634658939
AMukCLCr52XxsEjXoDxKKxjNg4FpnsReXNaQx8aR6DJF,1,384328577655259
b8ThsbsARWyjqWrBdU9JNFhXg8ZAjDaJtaqXXzy1sRS,0,372511048131071
9MYPYNS8MmwcrZLGndHFvw4eR9BYhdfJj6jBk2iHiE88,0,364787481172418
AS4i8EXUZnPbmNT5ZXmoTEbrXQrbFoReiWwwFB43Ds5z,0,354505137303648
3gGnnwaCHuGaBzhAa8ujFR1vf6inHYPxLBh8tdXHTxgZ,100,354425979171200
fishfishrD9BwrQQiAcG6YeYZVUYVJf3tb9QGQPMJqF,5,352409235328408
BitokuDHQiAhpUKrwx1VssAAoW5Rst8zB6gpfoaxM3Kh,0,338634602085328
D3htsc6iRQJLqCNWcC2xcZgUuvcd1JT8zoYNqraNcTQz,5,338579355489891
4XspXDcJy3DWZsVdaXrt8pE1xhcLpXDKkhj9XyjmWWNy,0,329389201972532
forb5u56XgvzxiKfRt4FVNFQKJrd2LWAfNCsCqL6P7q,7,326061989109218
Bs1AYgU6v6MiKivhpNpHnU9VePJAfdeC1yC3FuRaBWNa,0,324476327961279
BeaCHioStqCEFDFxKwAEzyrUPYxqnBPhJ98gDKeEiTPb,8,323006347914620
CbyfiyQAy9pyWKrAv3KViqHgcDPQ9ECmYx3eaQoV5hBw,0,313846053803628
STA5dMZHibCkLtWGXmEADpdkR8VRkGTJf1gTSMyJ1YU,0,312410504614693
mds4GEuiSgQRqveGyktWpETBFCb4AS2wDnhqwLHcT6Z,10,303358514806712
2oHUYyW2PU9VJh4XBs5TbGgzdernunvGqyKth3kxW4ns,100,298521084264395
BFMufPp4wW276nFzB7FVHgtY8FTahzn53kxxJaNpPGu6,5,297671602251643
9bkyxgYxRrysC1ijd6iByp9idn112CnYTw243fdH2Uvr,10,292934175140367
8pyp3vfVPRziYdAYEyqkwytdBbdVbQmHqfQAVDcRV3w,1,289645118627642
BJu6CLyEP2M5Fvj88DF7ZcJYhs9qb2FYBBrVKwrFYoQk,0,287742337604858
mLyfgvyTAuEBVyAZcqyWKJ4SnM88Tqv2hFMy68y8hmY,5,287626804270389
8JpfpVyew5Y9cLQCHkt5gqT4vDZLL46ZknMbSThVjzrg,0,283058935055998
MCFmmmXdzTKjBEoMggi8JGFJmd856uYSowuH2sCU5kx,5,282763538579032
6WgdYhhGE53WrZ7ywJA15hBVkw7CRbQ8yDBBTwmBtAHN,10,277430000700955
8GLRbAstsabZuZUx73AoyfGi1FRCWSUhRgMugFyofEz7,0,273401057030571
SerGoB2ZUyi9A1uBFTRpGxxaaMtrFwbwBpRytHefSWZ,0,271033110127460
4VrjyXQT61WFSjuG3ehgqZUK1jqvYqB46veQbXLotq3n,0,270265379700257
uEhHSnCXvWgtgvVaYscPHjG13G3peMmngQQ2ghC54i3,0,269114737097841
FSVdqBzx5D4UsqBLnvmH5dFx2dCm1pTPAbQWJ1PYzTJ2,5,268301186272918
2UBhtRuyr9nvWsUnrbWrvJiYWEU8TVBD4PLYQJKiRa9H,0,261783698458486
91oPXTs2oq8VvJpQ5TnvXakFGnnJSpEB6HFWDtSctwMt,3,260062395634939
6qcbqy2Twyks4NAjjmvQiSFdaYCdyb3qRWEtDcEjYSQ2,5,258139122998351
TiMxX1yasS4CiGyRcnn7sy9T2fvaNdFpkf8tFDhhDkG,0,257865031327950
FGiEdzde7Fco2WLpNQMat299hUVoykJdaA5hxdmCzHiS,5,257437699477418
7TtboPzuUFJg5gCjnPVJKmBRZhfEmoAnNWXdsX81N28T,5,256887779017036
FUURpC3LjVnxr21PmEfHtxT7Mfe4CVJXxESBjQPvmqTZ,0,256473628950623
vaoJKVZYPAsqc52T2nNQhABR1gU6Cy2koDKfCQaEiva,0,254420579658458
akb7XJkB8rgvDixC25gxpGisNS1aAQbk6HZkR9X1jrX,5,253701288262597
NordEHiwa6wT5TCjdeWJzpsA7DSmWQPqfSS7m2b6cv3,0,252487348979864
DvSMQm6DQqL6wJGZURVRj9koVeRMS7tCeTQNtVCnSYtV,5,252220562201452
DrifTrN923QaouP89UxkQzFGbumKPCnfkNYQRwmZxatz,0,252122366439661
Dx1VZXPvXiAj4wydmDGdizkwvwpQXVSTfeVz3JS3xavj,5,252067905410080
9Ukj3PkyD3igEDJGt1QTj9ThzjK6hMiadQfa3gm7kjf1,10,251616678511734
EdGevanA2MZsDpxDXK6b36FH7RCcTuDZZRcc6MEyE9hy,0,250917597288690
ARF8ETYuMQ5wvUqgbWBLSKe2Uz2ytHuvWEVoybwcqk8c,5,249810714574793
DMGGRvdRwhqrpo7LLnUzSkivaTNoGCsU4NtnL6czYKYG,5,249496700033911
CyUEJ2KvRCDZqPM5PZ7RVznyjsto8zKc5or6CJZJDPda,0,246681490990498
RUSHpmG4o1ydgySKRexRws7WMmu8nH5BaQgEAmwo2hK,0,246095558735686
Goo7uPA1ASVX2Ws4JW1eAjQxBcTtjMdpAHBtPBzi8yN6,0,245680412878899
8aySXUFrqJz5kath6aVijrkBH8ZtxMWJGhYXwYBpKmHK,0,245516542360104
8QQn2KJcnMxZ3xHJQJMiyysyWx94mdNCBwoonT3YN9jQ,0,245483365081247
3s97yjq2MhoPVPC3U9VeE3Z5S643Pweovg88ysvrQPw5,0,244470168678290
3V2xaccDpFib4DbTksdiveNDmiwpXBqSWyjSof3w1Bg7,0,244266306929742
2owZqEAQvSWxKixL1MPtQ5Xivr8hkQBuURvEvJBv9wmU,5,243746795040660
2RwFJJkhr4tCTuQnZN1CFpAtn5s9pTzakagvu326W1FT,0,243613822708782
spcti6GQVvinbtHU9UAkbXhjTcBJaba1NVx4tmK4M5F,0,243359268365324
9pBHfuE19q7PRbupJf8CZAMwv6RHjasdyMN9U9du7Nx2,0,242772753492155
CQYub9hafWbzwjYyr8hBVkKqD2LxDoDD9HhDzuNNc95n,0,242476356852647
J3jZnDWMNHiQVuVDRM1PhYfFRMWwMEAMark2oiwQMzcu,0,240704970035755
4SKy65C9373k9WZnq2ViR7nq8eCu32TkLhoXq45MYQm6,0,240366727057995
Stakex4B2tpDHPWGvV1dninfiaYCGdakgTknpzPitLh,5,237422067986888
AsMpvJ3DZ2Ydu1WTRMAyMH4QjSLiUG39rKzfzvtE1bWr,0,237140394195220
CBUGET5PnvLc3HvEeFYj64iTvdKhYV6pujTPDdDh785K,0,236469008675761
5FbKKGdEaFcxGxxaLKVvBes2JxiKbreh8w2ZpMcSQ2a5,7,235685051730571
1KXvrkPXwkGF6NK1zyzVuJqbXfpenPVPP6hoiK9bsK3,0,233974775229082
FyrwfMaomErzqrFUXMjCJ7mA4u81DsiDdrzC3MJD6d4j,0,233450903603270
6dtVKjb6vRwNAekki2FXhKv8WTNzQ3xW6HWMCNWqtoDy,0,233354018370673
CpdzCVzaR9gjFymmEVE8xHboJFHaDnimRZ448cMBs6Rn,0,232622628720413
LodeuWMHPiPj2PUHUyca2bkpFv9HyzR3gaDBmGJ9TSS,1,232074383164756
vahMVcSS3v6uwyFormV7FDAUbQSHwmy6vUedp1P7L42,0,231125992325324
EUcJwf7jXskRE6NZBtFPVH2EedNvNYko8LL2WT62XctB,100,230007984083351
D8izqaR979Fc2amDoGHmYqEugjckEi1RQL1Y1JKyHUwX,0,228710475737044
5marvipGzf98hxnoJFXsZbGHSXcEQ3yRGJ4ps7D3V4ou,0,227992604537817
6PvHaibtZhuba14dzbhGFJRASYX3Ka2oviRzSbXV2wYC,0,227659716335367
SLNDCSGTEsA6KHpgR32MBt9UAurZnVSJGUtW2tRpdU2,5,227631433200702
Cu9Ls6dsTL6cxFHZdStHwVSh1uy2ynXz8qPJMS5FRq86,0,227273723871715
BeSovDCzhEAfgwDyXBuhmCFKsu5WQ3PaX61GEfteNzXM,0,225006566582911
HH5dA42XF1HxNk1TRpG6LuKfLViMYNdAz5iWrFM4hWFi,10,222979494294227
EQhTjikb1L2jvxsCaSW2o2TuRXh4Do6HzBEWCxpeM44W,0,222500893589130
8Q7K2irCbYfEG5ZWyBceiytbL1u977gXqw7UaHZ55Awo,0,222440629098955
CZLU7uNs1SNvmV1vodR29hwJFjQ2eVUXsQJwGt2SKVKk,0,222331538807203
2Rv9npqdWE1mLPsT1r2obn3xtKmA5afkxt8GsWeLnKoc,5,221745674893573
72i2Cdw5aa1S11uDvhfZVGGtAW8FbyxaBRN58hQqaSMn,5,221109028474704
7gPpBfH6syWAvgy5n7DZYar41ZTHDgSx4iFM8fWcVxfV,100,221090988302720
2dfgsiSaZ51QYPsECMYMG247PXxyKdwkV9wTHoQb8YEC,5,220680609893316
WENqavduvNNv1LbwCJPRDr4ZmrdvdfF2SZNrKTAV7pm,0,219800745591543
FphFJA451qptiGyCeCN3xvrDi8cApGAnyR5vw2KxxQ1q,0,219428627990901
Tri1F8B6YtjkBztGCwBNSLEZib1EAqMUEUM7dTT7ZG3,0,218765124248625
qZMH9GWnnBkx7aM1h98iKSv2Lz5N78nwNSocAxDQrbP,0,217995397507371
AEAJtnjjB19XFreJH21UP8rfd12f9kxMmngwZG3tGXbP,100,217338801686370
CbVp3Sb3iKYGS8iQT3pQskAo2bqAQRuFBdeFCTfCAN4Y,0,217178056873256
74NLx5y1Fo1kXXs9ATMPM1beCqRVw4d4zU2htktWQoCi,0,217160749867208
8ZvC5d39VKnz4UUJV928s76Mv7FdSbX5WwHCuCFAanj3,0,216663956210304
RoYFUUD7QD9aQ34UCMcwfye8dC5YvJeXz2J3mmoy5S4,5,216169607791625
simpRo1FrQYGa1moicfgnPDp6KyE38d4gYrZzhjXYJb,5,215795598857806
2gDeeRa3mwPPtw1CMWPkEhRWo9v5izNBBfEXanr8uibX,0,214715612348383
8MZFWowte8pHb6zJXxUdogUfdWRbqu7fGvaWRXtkDP7X,0,213436830541124
BHG4L6p8fmz3nEKzq7Q4wRhW9q9YtzN1vEjMZCLX3ewm,5,212121768358193
c3rtoMCHSbFrLRTAdw4iRowKSn4BrDtvSPbuyJwkHwx,0,211762004109502
R1parD2CtxPBGPABB2m3JjuLpGgNLiJuLxyt7qvAJR3,5,211618321037489
2GwaeV7SiuJMyUxaRLMcSRHo6ZEf8oVXvDmCYDQJ4Goz,0,211167025475138
71M936kzQRe7eWrABba6yKqPsmTMVhijQqDNQP9qM9pP,0,210802497323486
SDEVqCDyc3YzjrDn375SMWKpZo1m7tbZ12fsenF48x1,0,210588749668735
8bDP7mZsx6Z1pZbRoMtzj5AXaqoyBLqEfgAi157AnKJX,0,209355584226489
HUcasdKeLaC1GMYVKpQrSuJSJUAaZxyVe8zY1NoAb7xg,10,206398000548069
Bnqie7FYWudbSuBjyRHzoKQrz7eGFxmY9wFAMQKKQjEe,0,205337658867673
9Yr5Wnba6Tm9Hb4gBKZKTgy4qwFaxGCTW8AHMcQtaT7X,0,203726411137240
2EiEMRvsBS43gbDCi5yb9GfRBghae41UFAbBt2iSvNYB,0,202719000004909
43Am3PKFeo9cACpqYL5Sk95rpVdxLw3Mc22PqRqZXEW2,0,202030154834222
Arvv3uwEyDPKckw3wEFiCq9hgxMw8kawFU6doxFAWGYR,0,200992048113365
8n4pc4sCJtBeLfJdGyJn6EcZuhtfTiepRa9ExdJFdmEN,0,197690698206213
BPKAfGkkzF5u1QRjjB1nWYYbPMUCMPJe1xZPmwEMNMCT,0,197526833436483
9gFxqsXbFyrKXUkqpAatonn47uYZ7sEZSnMxhzQoXrUJ,0,196725211063522
8yjHdsCgx3bp2zEwGiWSMgwpFaCSzfYAHT1vk7KJBqhN,0,195626516577964
9bxGPEvFjGHqpAHMkm97R5d8euFnpJ3ws83tMkTbcBUJ,0,194473048534322
nymsHergYedT9CJMgtGMvqXUTGcbs5o3MiWTJUbqTGY,0,193950602320290
cZCvgqgrdX2LCScVku8CprMnAUZtSicBDJ8eiowfonn,5,192882991470286
7tegjkVvZmYSpGJQVpiRqKuehxtiAEEXyWk1NEbXriGC,100,192110421825041
Ey3DkEVbfBxfWmkTsG7Hqj7jshYf5Zx9H8462Zjjkykf,0,191420508053190
DtY5Bzxd75iWQRvKwM2xLUxqwLT1RRoeNwmVvgS2JANA,0,189246823728997
3DaPk6TdeGnEBwTR8fEyZSLkdayk6vZXrqGZhAgYK8BV,0,188005178995289
3XR3msrDf4fJj5kxgYAMoZDYMNvgdnXdKfbC7AN6422Q,0,187755279190528
4ZUdaCPz4t1gJK6bFN2YdG6BDfxZ3ApvGMiQUmKPPtny,0,186691007929694
93Q99nhdKjuSe6WNXgMBbC3s8QVQEAoHKt91PNRkUkMn,0,185788027936604
4o2TxN5RNxjiLvEbK56ZyaZ1bg3ZTgaTLpPRqi8vEkRS,0,185654276921278
8mhdbYU3PxALpTfDrdTYvk5obaGxL8ATQMvCLXW9SV2L,0,185600943529960
7SemrpW1SnhndK2ceWaRQKeAbTY7LdBaA1ctUmFg6jmE,0,184921274250017
8fp2i8jhVcspsXUcHMQAnfQknT9nmuxFASdv6kV2FkwU,0,183282141230142
5cQ27F39MuLu3ZHSyuTBxu9xaarnxezAAiLuyf1FCL2W,0,181378412284049
MNDEE2sgqVKYUTKTpGTqJhdQfXz6CHW9JPWNhcBkSj6,0,181197522915156
GiYSnFRrXrmkJMC54A1j3K4xT6ZMfx1NSThEe5X2WpDe,5,180971819906526
9FXD1NXrK6xFU8i4gLAgjj2iMEWTqJhSuQN8tQuDfm2e,0,180950501108136
F5NgZ5RtJW6fcDTcsYjSo8DgksbWx3mh4Ms2igbhHQTC,0,180417618250444
3tzpLMWRkWucvTRWU5PjgKzN1iwJuV69yCCjmuuo4gTk,5,179619071562077
BJvrWSfonXnS2Km8iA9KLY6D6vS3GcsaUwUNPFBumTca,0,179359718180724
61QB1Evn9E3noQtpJm4auFYyHSXS5FPgqKtPgwJJfEQk,0,179349405096589
E5zpFqkvA3kMjCAgiGVmDkq2HmnZq4TZJbJ4AdJwhdC8,0,179024824315030
2E2JPuFhjkQvEJEeNGqVSwGLJa5GoFqabQTutGjg1bzw,0,178793529350602
3C2cXXVHCm2w2EWnHUNxhtZCB2EMv2AeJ4TpW5ws18fi,7,178620560875548
55Bp7VEw2WgTRNpK1diKKo9y29edeUm4kmzUaLUJn6t5,0,178564033470658
GzdpwmsqTaEK2yk2s1xdmzXEfH3P1UnKjZR7u7nSNXbi,0,178514854392012
2nZFRYFgX8A2YVCawmbjuL4zSE6LSt5o7ZEHupB5rZBQ,0,178380086027326
LunaowJnt875WWoqDkhHhE93SNYHa6tfFNVn1rqc57c,5,178024902866868
FKiyMb5BzqKpe1Y4Px98vxm3XXHAGHgSkQZ2wZwmzoub,0,177743959798323
CpuDNi3iVoHXbaT8gHpzKe6rqeBasoYjEKi21q7NRVJS,0,177431880449328
CmXajDrDRcDaYCNf2CBZnqXJj1t88gdjbTksWk8VUDLX,0,176736036496920
5p8qKVyKthA9DUb1rwQDzjcmTkaZdwN97J3LiaEywUjd,0,176731506775912
8c9dYBdnCy5446dbf23ZyenuJRSDqATCXN6DXgKGErLw,0,176610264811233
6iTpVEx7Ye6wvvrnXBLf6FPhENrCu8mKGswzhem2pJ1m,0,175948435888988
9e7XGRqQqEvppx4Lkj6P1S7k65yWQpf3vcNzWecKSzDd,0,175632953772370
6j4ruT65Jk282NwLQbZbcwT4cQtrn2mSgqD5DDXtuVCM,0,175260703609744
tPTMVvqGgzecHLQKHUhoXR8UFuZrFzz9UKK4ywVdLaZ,0,175192404888732
84Za5eXvehQLZR6Xqhe9WT6tTcCHTVjw3XU7GCbBRNfW,0,175036296727854
GQiWnDYrzHMALWG9avt5FCu1wisAQHjGY5ve7GMBiPEe,0,174775363485768
2XmhZKHmfjku3T3nC9xKhgr5bm1CAmWXqNsNt49mo82C,0,174397115202772
4BevYSucyVnLL6z1ybHh8KH5FnAhJCbX5gYhn5Dfz1FE,0,174205436984898
5WgvknZoXna3Fm8qiAmi2D4sZg6u1iyCWNXWxhAc9p4B,0,174098637847012
EGxRiYuhVeAW9z6g2vXrCiMsqUGoE4FUi8NkqNnzky9Z,0,173683697578258
8WKbFye8HjNa3rBvx5jEd9gYtfLLXwXg3wzVhavvMSva,0,173443115210388
FdH9QEQBxPQfaF2JpcjgdfcMnDb7rjZkCDRCWLRjTQwj,0,172681610648086
8Zh5A5Hs6bJFAyWrLGMaF2VEUVbXFANtfuw7824Hd5XV,0,172432937777056
2VKu11f8zc3huqDQUN6WJTFpX32PgHpXXjf72P6YvYMd,0,171961021517323
C1WasioKLnB2D9xiTQ2aDLS2cWKzaHLCVdDNMvgYtNMT,0,171369827281359
EuFGYR8gvg5SknEnYj8iGneaHWNkGvhYrE5ydvXvLpfX,0,171032049951978
2nUejUPz8nXuYsa2mqDJmdjmyCb81KcLrQ9QNfzTNJGk,0,170460231367994
FxE69xVkPAUYh3Y2QCHJVWwVB8x1F3wbHnfKGoUvXn81,0,170425473478750
GS7tvhfiU36vp8q2d92buz3dgENidvA3bWNpRDFcvnR2,0,169504155605440
8W5yW3AH4GzyJgobuRiSLsz3sU9m1XNumm6rAdxE9qBB,0,169480797189912
4LSfKc2sPZEvb94JeKvySeThmRR8ySBWwRuMz6Pvj4Zf,0,169021777241718
7HMHSdQkjDwz9Q5zAhEy83uzW3XHJchjdpMYapKXcKt5,0,168982349245114
AswkbUbQZz4guf3Ex45LFPgnSzFjsGumLCaHd142cmmx,0,168539031708371
6qwYjs5vCSEKaTMBbHinnW8fvdGj1r8cpzPoAV1EHKsw,0,168426859923464
8Gr59dE1LhRdKeN7EcAFAoKSk9XYVUVPPL7zWc8myrma,0,168397791387885
AVZ4FNgAd17BXjRBRLLwAsMgnoL42bPFnLzPHvZe2vb9,0,168198424696417
Bs19Z9SokV1s46jutN9tqqaCgYf1GsVyyytVfkzwn9qK,0,168089836337564
apySoL1xCcCH6owdwZv8r8PWVyCHkGTGTHm5PCxsR3E,0,167714962672044
6LCpzSkg3Ud1SpCnsYtmByWiiW6tcjSPNmJQmFGQcwaL,0,167228193061877
nSGZ3tv2UhskkPqiB666yDVj7PTi9qKgDqvjHyw5JgM,0,167052316169974
3fHDpgV7GG2fRirqYNFvAUfH5BnbQnRYDqeJBpVFKm8s,0,166762902917214
6xz2hw8jSQ87Db97U7Z9QQfWUBNgw5Hih2Zbn5TWCiGC,0,166710557979236
CTwsruptUccEtZGNxBDbuusHYxkBX3P6ndrxVjSG213y,0,166643744440289
31GGcXa8K47viSJMSk1thwPWbuF1vBY9tijL5wH8FoYM,0,166061734875849
EydLxzdWfD434DDxZYXkTcajvK5VKH7p6CofEDCRUkJ4,0,166022773729403
Ayk5TSNbnjQn95BGnz4ugkcm1kAtEwGcK1jRYmqrYvKN,0,165920210266861
Hu3b6mGQJ5jRYRJxdH4kZX6VAyw3p4LAmxDBxhvXVKje,5,165669552617977
FjYEr2UCeFzNfAKiFrbhG34Zv8LxbmfHYAFhAfc7SLQL,0,165662195924129
8hTi1gRAogrsk5uZustzkFb1SKgpzxLhfYWTJ5xBV4Ww,0,165392322842105
BEL5CeekyNyWdocqr2YXTVVvYwzeActXNGMPJhmvFVsb,0,165130468527890
9ppJrpsbbuGNjiMhhD52Ueco4KXUzVfrtNQ6tAcDab4f,5,164850859789555
7VAxhRUMuGWf5sfE51pjjFmydcER3dfaXv3G6ia2Pr74,0,164224018625695
3hsiTfAvGGPxUdrEoaKfdju7Jypm6YDLFZcZ6dJXGvmT,0,163977435411909
HyperSPG8w4jgdHgmA8ExrhRL1L1BriRTHD9UFdXJUud,0,162132885905302
CcTtRsmLJEjqsv5iyfXSYwjaUJdfrRK7AU9cHMnQfTb3,0,161900752074443
DViARWAWKkxAzp4UCgbw5B9pLSrBY3PaztFErcwgVUKX,5,161842376117933
HoXANZnWTGeePertqWkMEnnhgXjTjzpfWaT2kja2ZgVU,5,161149000279482
9Mgsqzth1dguCQQRdV7acbT2hcTPq3k7TEv1KM1Q38D4,0,160079433494787
8ebFZA8NPLBZD91CwsG1HWQsa2B5Ludgdyf5Hi3sYhhs,5,159787667733104
EReBoRDj5Lv9y1FGPXxFCt1KAgZeKqa8zJNZvkoA4Uoa,0,158196762140913
5XKJwdKB2Hs7pkEXzifAysjSk6q7Rt6k5KfHwmAMPtoQ,5,157435205137013
B4dn3WWS95M4qNXaR5NTdkNzhzvTZVqC13E3eLrWhXLa,2,157425110966438
67joanjyAoVmb9nZLyX8p3Gx9tAxzXaUgHDe3kaUH4wf,0,157021105548291
Fj8QKDuNcptyXT6Cub2TnjWs6zZ3qya49dw8q4DE4f8V,0,154687325183762
FACb6bbTDRBHCK999V8ox8jga5JBnt1r3vvzmAYAMv2o,5,154003830028937
4XsMU8KWUA9JShaei9GKFVPVihx6WZ8hpXuVgQPkAMFg,0,152233355991389
caraQ1NEwdXDjP8RE28XhiPmzCGNqF5zLNqvjoeDNQ3,3,151796415587782
8SoTWVJtTAs32Yb4E1N74yPX6fTs2pY15rdPrkF6UvUB,0,151724905453908
CpNnGGhgVATJAbzHUXdrcGfpPiGuZyPka4QUmH7YgavX,4,151706031416615
BCeczqpTRPigndHVJu1KEzno1Uhb4hjrE7ttmAndrV1p,7,151490979475415
Csgy8jXn6feooV3ztGPhuwCcneWhFFBFCmKZSBwXK7VV,0,151078424508068
9hQqNe3DQTiwhspatewA8EXhz12e6sq5UJVJ2qNRwnTf,7,151044001694114
Hj2jzpAp57KyM3SmnYwJbDVrQ8tTWizMon2hhzYzwxet,5,150391861639331
mastWEbKEMjvBCd1uaUBpNjWcfSPhXMWnH9tTrgzn1g,0,149750550833088
GG7Bfjnhih9LiR8t425is4hmtDsNCVTubKHn7EdiNRCB,100,149573992868480
86ajwRu4xCfhM5ALAaHJqn1RVZLaQapDkGcnuufyw6Ub,6,149535933711727
94HgFvsD8zm7UXJ5KJxN4zW5nsdhZWY2LFREjfaFEHwR,0,148447066053323
Ds8JW9zKEAbEnCftSYYVFMiiKPR14vDHY7zUfKyicAhD,5,147602189217069
4mzLWNgBX67zVwTykNnq96Z6KQLc8UyV5Q35EfVCDifC,5,147210797513388
7Nu9ckgtjobZ3MkbadGFKEvRymYuah9HmcxiUJKMM9NB,0,146007508275209
HgozywotiKv4F5g3jCgideF3gh9sdD3vz4QtgXKjWCtB,0,145439673318091
2uxEHizFmmnLekKG2LZJwxNabhpymEYfdVCpgDxjt87m,0,143938896127435
8AkVj5aAtJ27tYXeq89cnSf68V43NarFHMx2iSDjZv7c,0,143711424261690
1znL3zFHi3znoaz6T6rnnEnRj8Ar3fohDq7ZNk37sUL,0,140162899457833
ciTyL6re3u5ZNHhEwHKj95QTBw7mGhfrVa4yVKyLnNn,5,138522211311420
4zYgFH4jYZovXJRCug3nwtH9MWGmmfjuXyqwLw6uMgSR,3,138305435825959
ALp2GdA1eJV8vZHMHazCtTxNXe3BLUSco9LDASgjDs8R,0,135964415719446
A95EBv1isSrZteiN6pq7Z19y9Bvw2fjHRtPdn4QsprDW,100,135257997868480
NWY18yrPHsTogTDq78HpB51D7gC5AGRsvJ5pPqSchkH,10,135204454348833
hyp3Eo67t6FgeuWg5Qxbeme8NPXJPXXdKT4iJ4DsLf2,6,133067432939890
WUNoB9YQXmXXRcJsjY1G8PfVag5aAfnyGmFd6YwJVwp,5,132661434925274
73hojLdq1vZDSxeVQEqVFJ4iwLngdvEJPEpEHkSdv6BZ,5,131655821635664
2VA3q6DbiLjbrLgnkiZ2fdyuRyVBkYRgqBDwA6qYiSDD,0,130153333742754
phz1CRbEsCtFCh2Ro5tjyu588VU1WPMwW9BJS9yFNn2,5,130072537073442
4JryygoiM1j324fYkeBzcQDcwRfd2WpgkEzUePFj1rJY,5,129356609133098
sandyAcb7unf4DCYzjtAJrVT9ZqofBGH9xfY5DWC2a9,5,128979765617064
4PzTWXMsSY8ueuEZvcyVWhHHeMy8sHp5SqDtT4ReoZyi,10,127531344709982
CVRr5oHCAAooVbYze7CvXtRp4FUtkMCSqBZU7MVu8v8e,0,127099318414207
7knvB4bbqHCKuNp3ef2hJWdwqoH6WAUi55NQt6LdRfkx,0,123818478325962
FrZeANddjGk97f5F1GyDTPfqCAv6MyPe2UyegQCHBAHr,10,119497486465986
7aR6AjK87ehUxwEJrPpnoizUKtxJKxqZCQCEGD3h1Xgf,0,119246010637770
E6cyDdEH8fiyCTusmWcZVhapAvvp2LK24zMLg4KrrAkt,5,119177452841939
5NiHw5LZn1FiL848XzbEBxuygbNvMJ7CsPvXNC8VmCLN,0,118614846120880
FCWkGAHDWK41ANjiaoPudkCZRkvTecaEkoZQugezUnpr,5,117353480889879
57DFXC69mwmZ3iMSD8aPifiAbygJbkWdcXLziJVszwDr,0,114841697416670
ExnG6VdMubFJfrB7qereo3YxUMyeZvTuZUVKfv7R1YZD,0,114745072926206
7Hp1e6BrTBkbBN4wFiNmycPVPsjvyUUBL2tGhYEMT6gt,5,114352236582138
9QA1fzbAKJicmRoFa9wFnYYx2PGYn97s8Nh6VojBMvCi,0,114004604263760
9hrba377Zj79CXruwGWuorFpGVcYXJHqpQNUjRZErGn3,0,113187160915172
2fFev6gBMMzfUzbSdVnnSzNXG9W9iZ9UNZuWpPKJKKjC,5,112618847897498
8quzaRSxgKQr5HaxcLHXk4JqqMhb2J4PGokqjzy1MFDj,0,110293288844377
C5G5FfLmhhcY4oGJ7vmXT472BU7LixPiVofNbs5Nyv2T,5,110071046935249
3DQYd2XcoFiKim2Q6bEQEx91jnjyX6oNiG3C7gEHvEko,0,106822579515154
PRGNnb8DxVcP2WjSHfVRGgc8SkA5u6dbMwoTVV1BGKN,5,106761193122721
B8m79Xf3kp19suGMJkfXZDDHCmMP5vWHuYAdirtswEzD,5,105951636844833
245B9WFHUGuWycSXHagHXwsXGcxDkNYfxWBaeh7vAHDU,5,104316142679428
indMGAW9rPd6d4Pe8YoN2gYRhUpLmEDdSGeQVo6kJ46,0,102686558510536
radM7PKUpZwJ9bYPAJ7V8FXHeUmH1zim6iaXUKkftP9,5,102535602316909
4JahMMrVRS1gimWoXpD5H6KwKc2MrsoTDFMaStMttL1E,0,102256622205356
EXsJCamTqHJqRqNaB4ZAszGpFw6psMsk9HfjkrrWwJBc,7,101750964681357
CYPhera3uWNjrkcYe5aixQvn1SKBS6fzpv7VjJGsdYim,0,101447260942819
6gnbmed7kzwQVQ7ghsjgEuCoYmGeWciV2qCwni6WS6HU,0,101412798991629
PULSARKCJTG5xMoJTxaKHtVzr9H4Kv84haZnnewArAG,0,99974472498625
FyLVPAKkgdAy8Gn9jnFYN5yjC1ubQWRkw2EHt2UnC8uA,0,97059305577642
KBoNKoxPjdEmR4TrV9wH9wi96x9vSAs9NET94h91SGJ,0,95152540074422
A79u1awz7CqnxmNYEVtzWwSzup3eKPNW6w2Jrd56oZ3y,5,94965584380701
ABC1U4cf9DZMwqy8ktEr4WJj8VHmVBQibbC57gEJthwY,5,94653485495467
7pR7t5axFfkg2VZB1uAuFNUvpAeowq2v15J4gw5MmHTB,0,93815762793691
gridqZmeBcsUKT2Mv4M9YFHFN3tVLFb2TCtTcLD1cAd,5,92979740500227
3KNGMiXwhy2CAWVNpLoUt25sNngFnX1mZpaiEeVccBA6,5,92917209465708
2Ue9zGmDnvYRrJNEjuAdNkbbickw6fKWtbeNM7T2rakg,5,92587798079144
bXrKVQy7ioxnava8tfpnB77mnV5S75R6icpDVyoZvTd,0,91508109357658
66RAWQ8kUE95WpuJ7vkAS55TWfDo7ZonyTsLeGfs7dt3,0,90212890444717
EoJLNYSqtc36po2sD3NKZpv1NEu4UmNWTdG84uJVhNkU,5,90088533515546
ELYBBgEypG66vNBfM3bLXjekPc72d57KyVQXoiwDq7SV,0,89792882566682
8YZpv8JDZmqWa33NpBcDSUbUzC7qHXnHPSsYnrxzj9Y6,0,89711688065964
3L7DRu7kTxNX1X73KxUDGeKjtHEhN1fd3cfBzK9QhH6c,0,89067009664866
76qvvT56uoMDwdCZEekRH7FJZLvhkgmoi2iNuTK7T9HL,0,87388023260266
6xUK9Nbonr4eoJNtHGoUEMmYKoPz5mipKzyDBv6deX4d,0,86654036207850
SQDS9iwyWvT2mQbSZzuNKGoxuBug5jRHouF6SuMRBkA,4,85987830983915
2hUq3Ma9FCLm9jtkHbd5V4QdeYLvwEGubHZ1JwfSe49J,0,85620993009353
5ZjxMYBbnKd4VFxLjAChSWMTeQ96147HnxZvQJxUseHV,0,84919438595924
138KHwTqKNWGLoo8fK5i8UxYtwoC5tC8o7M9rY1CDEjT,0,84761350199187
4kL5QD8ir5CvkuvCUnQhBDuWhq3Xfnz3UfQLt4CqPQZQ,5,84310673799681
Spiky3mMSLHGhffuEhYR7ptMNZ8NddddwrTjki4VhWk,5,83495131361934
HsGWhcLqVsue45i4vMxku3YEVGF5cYxUSTaa6gwieSGN,0,82396147565261
YCPQcW34J4sFY4ygfRQfFd4gckuHocXb9vZrPjd7U2H,0,82106782816666
D8kuk3qEiVBGwYkuMGKfBDwuRi6jjRkzjAZg45fdaRLx,0,81481444511291
EBoyo2DA2wQtnfGgVcGUCi48MguJFBNEdMt6V9dSns9r,5,81190522531870
E3HNUGWG9mggTLuxHDTY3sAortjTJTU7SwwEkjwV9REB,0,81004330163633
7kwZc68XSEs3bgPcHjh6XKUG2t5ocWKEZtnVJYcEjvPs,0,80628049492233
F526RZw4GpT36voyRJ4vcktq6x3ZYKJfCWGYoR8U4Q9N,0,80610483466865
A1pHASAZXuR9EWexFBY9wttgp5xgLfwPjZYP7748fm8e,0,78150351986671
3RbsAuNknCTXuLyqmasnvYRpQg3MfWZ5N7WTi7ZGqdms,0,77564209446123
Hhn4usDjnktbPURJHbi4YrPdKudBD5Qq35mTcaQ3Uu6,0,77035610522468
2dxz129YxB1xtf7Mx6HUT5JspexArNNtQt84FYueWZV7,5,75798695715969
12bb1nuyLtkzQ1QZfmr53hAttKtFPQyHczAmfVmvqpCP,5,75236875047718
7XSCAfoJ11zrQxonjbGZHLUL8tqpF7yhkxiieLds9mdH,5,75174366692004
ETcW7iuVraMKLMJayNCCsr9bLvKrJPDczy1CMVMPmXTc,5,72663483768571
E2CDEydLiR9oxS58bdRNdoxmd8vDnWLmEE8VZLQ6dmYG,0,72597190332113
gangtCrQg5RmKf5yxvhvZThPugPX58pDSdQ5UuS26vN,0,72404243025787
7cJB452VqXe5pM9f6YKcTziWmoHE9Tg4jNWTCpohFiAH,0,72043749270448
4ZToBgveZ5m8NySrDyPA2fiGVRVBioaoMXD31KGidm65,100,71999680951154
ppppoqHcHVzigV6SK4856BAsNxhTAi32hqQQWrziyHE,5,71929441025869
farbZXR7aBQSMCYiUXzoS4pRUsvuCZ38f6AXMXiKACf,0,71327449258106
BxkAkLR2W3agWtjMXBNvhxmB8vsn7zhjNQcyfost99KY,0,71193542234114
6m5vsg6XfsVUroo1zzZmB4YgFmV6ykLiwEXb6choovpc,5,70325736861053
NFSrnTdFzSs8AVVMTwKeXvERJGh7JTfQ4T9qKz7iJby,0,70029252874670
CAN9K3yvj96kpP8hVJvf77ATPHFhEMumqPrutRebXVDi,0,69964668421735
3qmEGZpEUFYxXiLU5CZjSaUy2X28oV51qVLenKEutYDe,0,69964485638539
A8vNkfP4Rv6msJyuXgwvUSUUu5vPfLxMJB5ddNkHaCGJ,0,69950986708660
9r2CsyjRTmTRtu8GFk5oJRSQr5YfSENxDkf3eox8iPLa,0,69887576404634
GGRsVQ5fm7GdawVZmBT2tY9Vsg7mw3YKDwFbofqfSmw7,5,69620522541142
sbidYi7fbif6qNsMpwBKvyF5DKcLCbjaegpADsKqNux,0,69435522738576
AiBEt9kE8yZ4CnaLfTCGMp7Fg2wCtqhPTfvJ8D3zrLfu,0,69282063422683
Dmndrr4ovTS7zNJrWiAhqc7K4eJNw1kS9kPm3eWuu1bD,0,69273465938889
5zuNci3TV79w6zLoJZzbZujMvkVZb2FcSPhgv9aT24AK,5,69160541695812
8A4EdAdJ5NkEH9waDUEhKay8TBGHX3RTu3NEDXKCR9ib,0,69130332064124
9jnYKtJoHKsR5XudQnvR9cXTxeorQf8C1wqZvU79govG,0,69128316515052
Pis3AXoiouAbhdtJ7yqz4EfhpyVa35CwnS6sqqSAEgj,0,69080254270408
E7ioUmS7mgmd8rHg4jKYeCE7i1cwNJN68BePFt5nhXB7,0,68996938728020
equByCRR1MR6Cucpw11jBEzJsZ3fj77U5uEqVZuvjKX,0,68670035731447
6pEtDovpyd1zUMYPuNhMCPU37sUTEAtzzgoVVAh1G1JL,0,68666710027678
NDidRjFaTS5SRLE1vfTP7bGdEd6cCLneD9wgt6NgPMU,0,68599586611835
8oDxJmtcfVyDsrwSwaUuTBDwDpm1utk5SXneGByFKn6u,0,68582420750765
2EutAcbv7T8it6PfPQ7HbK2KFMnMC6anwkX6C3RifE5M,0,68523742160113
5yRbBQY5ZKe7VcuuwCS8wVvMfcq41gNctbdhK781Joep,0,68494638854876
6r9y5ekgj31rKSxLoJcqbT9iQS9JLwiYyqXR1iEWkN9q,0,68352123811509
85YBDL6Wf7pdJBNqqCEuW4hCD7FVKv7gqnF8cKZycZmA,0,68306116209132
9HiuHYVDnoQz7xdL2NFmZdv6S2jYNUQxGg7taDwrZ3gy,0,68136029203897
5N9r2ne7dPgHtzeHC5ETJ3DAueKQiXSU8KAmEZrrojT7,0,67763695540489
Secrpmp65pBPrQJdXsJgQ6p2jm6aZ8fMnoY2FMyqPow,0,67635747526494
31aq3x48y7Q6QvH6WbVmzKxsyJfN7bq2bjgbJXTWkL9r,0,67341572819465
bcZxRSozXDb61a77rxL6n9yumsbatqC7RFmZ8Xi5K8V,0,66979816460560
Gb2M4Ee5ciut3Cc3toG6UrXJohPPiLcT3RkUaDU7dHp2,5,66897240595996
6NDen7aDi65apHo8m1Vea4nuS6LyjQeM6pDNqcW4Q5Pg,5,66224495952664
DCdTPyDbXNHrmdv4ZyPPzEfY4mPAqH4hDPtowAteoNgv,3,66192269248260
DXPk4iAzYboXAy2nqg475hMycGXJACoga5LqmfJXM2hB,0,66179613049706
A4b399d7Q9g51qvSHdHpNSnSfDsdP1wZCg45KpNeHGdn,0,66146802878160
HFTcVVrX93SJwYHAiiHAssb3c4zXqSsF4mNjg5arGPEj,0,66141983467467
3rqEEEGjHRyndHuduBcjkf17rX3hgmGACpYTQYeZ5Ltk,5,66018559009105
BhwrctpZCQqwZHFHhgsnZkZG3btSwAg5aBtDPVDzQriG,0,65826984134577
CQaFuTVTBQCcSpqjMUjdpfgeygbMPVJhobHxV5FitDFu,0,65504015605531
9SjGU3tzdEXfLaVsLpnTwP3inBNhAPMq4XKupUf9Ms5E,0,65473096688381
C17WLnQTPjqXgmnpu2F1WfbeXdSbzufvnMHuS6XHjsAZ,0,65406533761954
HYZbBUjBYX3b3UkkcxTS8jR5h19i28MbyL7SsB5HWNCc,0,65370593242006
Bat6DHawBwy8k4fqsrgkSMb33UWWCDyiXH9AUQBrWiGX,0,65225500634486
9q16BB7WGmBxf1nJTdxH5zPnBUhtHqdqXqRFjSjuM4k7,5,65213884662752
FPwKd8WmeugZLZySCcr5RmqdVnQvJ5zRQRCy6tnkdLQF,0,65181484732008
LytENd5zY8d2nG1o5r4oz1CX5oHv1W13HkMmPgo8MUg,0,65164208107602
DqRT482tSPAyo9LAyXnqT1wgPFVwFTVFrT5oH1Wv2gyx,0,65132054613886
43t4YbjyH2XCnifhBibxhzQEpcLrk7PFS9719DHMSFfA,0,65067312751121
HKs9z7P19aG4yVY6iLcW3wG6GBThn271fzXjU7H7GtQ2,0,64791002302096
AfZTWYoFQbzqCMmUBTD7XwxFvjob1FVyCvkaXRryxtKc,0,64670683234326
6CG4D278TqWKPjoJqsyFSPJWeQGRg7n1vs4hM5TtnNuF,0,64660174679023
Bkucd9XTD2geqNsgcbMcqsSnLhqfHUuDvAUSGCXsJBdK,0,64297168372722
9cDdzkrimGrsNVKKRtN2Q1ydBwDxjDtPGyyLRgnUYyAQ,0,64291920347707
5LqdfTzdPtnqTyKaduT2eRvtLgfGucVCJ3Gu1MmgtEq,0,64291876557909
A31PGH4i5xGn7SHWpsQRhpBYUwanRuqNrHBp8bSeCSEr,5,64201557204438
7htu6a3yrQgYTq9XS57BUcQ1dDKnCq7ETrowgemS97xs,0,64007345965996
CoG8d9Fp2TFJRkAmrPMiPsGhQWHzdTTVoegEp9svRgmJ,5,63660326521009
EwUVzgSPe1zy2hfUGZxJAEP7Y1wheNgNsgratbzPELru,5,63471048439773
8fxC38heuNyaTTwFQWR71Fet6W3cXFpysMqhGAz9inCL,0,63431523394817
AXX64w9VS82qbM6WP5FHSPK7qbnRtzxyAvjARsencqrZ,0,63344118728273
samo6iuDYftWHxsyR8JousHuU45QS1hxbvnCP4Pbbr7,0,63280803350551
J9GZMuGa6LMDW6wMRerpkv2myqPnjNGSaRB5Z3KsNi3f,0,62882820334451
CHikKUoYJDqFK5mPPtQ4ip63n4DZbsz9gMEGJ6a3t3o,0,62481140393018
Dq3piY2ZcBvNN84j2EhDLtTzRAw95za7Eau89pNcmSd5,5,62278918970070
2mDrrmhSzpSyaF12izGk8hnFjtKCGeCFPwQHpRiJDby2,5,62214077172124
9U4WqNGVywKt3gG9HSt9tGVXBDXJvgid6BVweRysaJmg,100,61845690623461
7zAHbRxEQaNjKnQMjFm7j8LebHSGfzsQDdm2ZpUNPa7G,5,61621491449328
HU8uKcH8b2GRD5T2LYKDzV82H7CiRLTQLwYTNxAD7b62,0,60955526660564
BvhiaiuBMoZJG1REnfrNEzMS5wJEpAjmXBUAuWpF7Jij,5,60927733123520
NLMSHTjmSiRxGJPs3uaqtsFBC2dTGYwK41U18Nmw5kH,0,60658913140435
7MTjmteQHhthwwTZhUzsc2dP4NBvGNRqj8jzdqNxHFGE,5,60463127299963
5AsoSeQtLoN8eLsf3wKrR3LwxHME4sTBGR6dpTCP1k3H,5,60323650193252
CYkkaM5KwoxaFtZcximkm1DFYnABdiUUUvJg1WURDRsh,0,59964573450789
6Rk694kh1QTyQkirdb1uDZmS5xqG9bNaYtxx8d311Mr7,0,59942463816462
HLv4d6uhQ7ViicNQ1ff6RHNNntNzmq1bATLne2kCW5VV,0,59917268268378
icex1C6pnZxznQWiHZZANjGU8nZ8kNquFnjyY7XXrXE,5,59173737821302
5cCWaWZqWZ2D7mCW1QBNL6pTRL2jGJ5WfrEsTaNSoPXT,5,58146850879683
B94PGWcxE9iEDov8sZobTkqEY96Yb5gfcsYWSWpQxh6S,0,57786970021705
SFundNVpuWk89g211WKUZGkuu4BsKSp7PbnmRsPZLos,5,57597744078438
KTMkUG8WCw9FdH44jLMBpc1teGafnYL6SgP4fHHbsNM,0,57498831520746
FoigPJ6kL6Gth5Er6t9d1Nkh96Skadqw63Ciyjxc1f8H,10,57243343609352
DAS6zKbzVe5DFSwyEgo1TisuWt31HjBdZxzgBF2ASiju,5,56871806798117
AaDBW2BYPC1cpCM6bYf5hN9MCNFz79fMHbK7VLXwrW5x,5,56790777500981
1EWZm7aZYxfZHbyiELXtTgN1yT2vU1HF9d8DWswX2Tp,5,56341412230128
9NEsaMNVEEPHCdgxUzeziZdgx85LS5za9LVs1rQDGBdC,5,55991239323377
AWHfhBSMN7rX7NEDrKNfjnUyR7W1xpfistTy6w9GqT6U,5,55708236621018
HSX42dhQPTaVjtwMQXwGTCobrs1HnxZ8G2J6JTnPXpgP,10,55680454981583
huinBRP3muBuqZLMW8ARjdn4mBnEmFFcxiBzrkQz553,0,55523118242866
mythxvB89eT3C1TKwwhsvdHfYq2aoCt2es8vLoDFYyk,5,55449776892475
FSyAsxcE7g8pSSEu5nx7Hkz44rMZiYio5Wz8Lszh3Nbi,5,55243338899133
FaHhtym1F1ZersAivvZZTEJrmzrdTwTe3pzHX2LmUUFd,0,55161437699125
rapXHroUoGG3KvZ3qwjvGMdA7siWXwXpiNC1bYarvSC,5,55105863092468
3iQqh65Gby53aaYUF8ocoiEyhBs4aoe7BTYYWvy1c9dF,5,54973036365761
GdwLVjtBMZEXZiLV5iNnzSgunYmr1D4Fz2CDcEsT6HA2,5,54967613278987
Ed9WjPnZfAXsPttcqxMwj94qsuXVRyBsyXnDkxFva2Zv,0,54757686063256
wetkjRRRDrSPAzHqfVHtFDbhNnejKm5UPfkHeccFCpo,5,54464732897793
DQdBrXwhQfto36sZRLf55wD5jwd6d5bJurNCM2KwXBQu,5,54460133601351
hxMhrsuGPDmkLJ4mTxEjyeMST3VGhTiwJvS9XgHwePj,5,54309468750774
CmHAicGXp6boDhgp7Kb1JbPcvf7GstyK2yMyMxZY2pKU,5,54092649629648
pgixuWVfFotnasNyvc3CkRa9nzQRXFpWTwoc6Rb22kb,0,53743209508127
FzaAiLVXh6xXAFCfJNfBVQVYJ884zWz3LZVVmC8iRgdP,5,53662268108066
GwHH8ciFhR8vejWCqmg8FWZUCNtubPY2esALvy5tBvji,0,53573588151617
7aL9cw8khXDftH1JcWrPEe5U1dvobEHmvQW1DEFL7dRL,5,53313672512316
N55CrumveNQrXFn9oL4xkFDB9K8q5PxwrYaAomrxemz,5,53268090583844
ECd2JogmL8Qr4hox1zUNEn8aHFchE1tAh3JXM4UQBzzo,5,53094381200702
9BTM7PK5UH351kWrkyeSGReL1uYFhonctTNuRKHFXvMr,0,53083443864431
AgG8obWYeVY6nSkPYqDHXfssxdcG68GkuBikkearYRv1,5,53029371591792
E1SFkvPjU31xWMcvgnX6vhGvfRvb1zXvHFkqmQNEGZKK,5,52990153970686
3D31JtXceje3h2QQynhDnZ1b54oY38rMoJBnFtGdBz59,5,52867921786731
Frdg1NUoQaaTmASWNTrtDrBU5PbTnWtUvtdCr1XPNn1c,5,52728076474062
5VrW7YNBccVnhnZVmooCePdLFcs2UjfxRT3hoY9mN8Ec,5,52484022227538
scs1Cbhhi1Zmdb8VBhbYnWeogVhV13FB2ZQ9MCk3sCU,10,52313240946390
scs2tFfBCobDRjkYfhQ59saMg91teNACbje18SraSwg,10,52281182765175
sce2qRjzVVeH8um2zrTfF7RhLCz2jYiiu8m3R6cskZc,10,52250142714125
scb2ttMZrJv9BMaU3JJ6TdRapm2VbMG8pMasup5HirK,10,52248682258693
scb1MyTW9a9kHW8ZdkMbFdkn12GH5PXtwNd6C9cnerb,10,52242251265778
sce1TVNf6tBniHXqhkj7NY9wxaBsoQrpXKzfYXBG9v2,10,52231594355337
sce3PzrJU8j5Qa7WtRejXq7hFywUBh8jutVx929Hagw,10,52167665354617
3WDh9HgusCujDmXCVhophLrHvoKHQd1Sd4uFHz1Awo35,0,51861425418609
dmMwc4RazLHkvDZYrWAfbHQ6cViAvNa5szCJKaiun8S,5,51763371177116
mds1rTnYxwsqrYuzzPitGst7NxfpYaP6YCDY3BgQKGd,10,51338011727344
mds2yZwWrRhcNa1489wgRE1G9huetwJjD1NKP7PbNbm,10,51284527996269
2icWF7TvxyycF7d1NHpMZYuJJqiRy2h7wmjFSbqUij1B,0,50967642985403
4mopxYfAN5crk4MT7pSCLL754Xo1V678wLX9wDFJTpvD,0,50894937807989
anaURk6xNjBeGx4DtocUYwoohg45zqEtQBijdBWRnQV,4,50577301606939
4daH8Aotxpk68HsMvws3P5AQL3F1gVTA44jqLaB2GuGx,5,50553472977802
mds3Qp5MTDH4c1RffXXUztY75n3zh3vnbDqbBizhTTj,10,50523754542980
63sJMcjh8r7W1oXjrNZrG4nc4UX6cQVonUHp9vGDUNdW,5,50470674152255
2xKfuXN8HqaEi5L6Dwy2qZ3a5AJPM2hmZ88ZhgZgscom,0,50405699669702
CwhdMezLucz7bcuWzStpLXgrzKGC2tBBiaVmJZjfprRN,5,50315406150447
GkENwt1ckLtrNe2XBkizxLo6npPPh9WZqsgeHgDGf1hK,5,50288400484651
4vdWYn2KbmQ3Dns5wVBfz4CFQDds4b7CpsC8MHBhHAib,0,50241647005476
As9NxA9bCfhrVLAFyGeWG5X5iLYPGhU3R7nLfX3tN6am,0,50088116841230
6XUsoRDfb5YrGy5m6HsSiMjFnSvKKbn83qfadKLeswKe,5,49711813217668
Fumin2Kx6BjkbUGMi4E7ZkRQg4KmgDv2j5xJBi98nUAD,0,49251278194493
FZrSKKsKfZJovcQWRQFDXz8DbHKCSRZLZqbBAGd1dG57,0,49171677136451
CNRyYnXZjryxNdSUwztdmVFVuQPXvugQ1d2wtRTjjTb3,0,48189658049104
6aiX7kVpUovCpbrLsMzG92qHcyhBrFcviDWHn2VzYYGB,0,47693050842218
4vvaKfJyXfvyvk3Uq8CGMTWTs7ATw9mLgK4XbpVMe1vo,0,47626088357000
AAHSdsnRREfdQNzDGRxai8CLXh9EPCoRdwULPqBYd9fb,5,47611664194787
GUvKxvTWHXcy6o1e3WQnzE4vExVYgKiZJ8oBMqrqd27B,0,47599354392622
GmZ7xFQ4GHDbQw4CSnFT9pAHa15u35qTN8e259UrBh9D,5,47154870019958
3tm92VTxwyZ5MDhGoYR4tVTkwWYkzfam6hwBjauUACCk,5,46937966209118
8augxYLUge2iWmitQMwbcBL5VQEpsM6aJdRofhwpnzyw,0,46924371612853
RhoAkvPz4uJY6F5EnmBSHnFFEeyA9rt9Rvp95G6HraT,0,46869481468417
SscQkTYV2BFQYGGffAmTzvefrFrw6z9GNYiWHstVZ77,0,46822795930604
CVAAQGA8GBzKi4kLdmpDuJnpkSik6PMWSvRk3RDds9K8,5,46750455048403
LFGGGJtnBLvq78DyMz1gTeedM6f8owck76qHThDABBC,5,46610866781590
D2RV1q6FgePVVjrMa7AMzVbvvAeg5oS7TAV7qdNKSDsX,5,46576939847840
CGoT67sSerk9ckwin6yY4mna3ymLxxKNqdYeQZ9xNdkD,5,46543866509213
5HXxjDZwm7MAZAm2aCgGcGRr3SKiwugcQymoByyd7pfv,5,46055951834697
8gcMmaEAXfRZKcXHeHV2x8R1ebb78inTr9xhhEuNNoTt,5,45924558758167
Ap6kBVijRQTXru64yEy1ax4RMzsoJHxrJtXQXi76kd6L,0,45830513176016
CiR8HNCfkjtcongPmP2DRdZPnFgjSbN5gsXdjmsXXHcB,5,45816154270366
Gd33fENP1XsBimff41s1EWrs2kmqfGQqEJ5CQPQB3Jwy,0,45767810828161
Fudp7uPDYNYQRxoq1Q4JiwJnzyxhVz37bGqRki3PBzS,5,45541014535083
GJB4EwPmSu5TXpHKsyqFVzdpoJyiati1aVQamUYPWXuJ,5,45327567476305
CQicKXFGuG3JGUHWYyuGQYuGJ4PtKSCDs91kbW7G6dCm,5,45194457385121
if4NttF3dYuRApxa25zmGmRobehEo3kU9jyeuZRHsxL,0,45156453139936
5NMUFJ3gJxGw7tqJToRUghX8VAp75KKN2QdECZXbQoT7,5,45090564332350
3sEWErVW8kK2frAk1KZQ5p3YZt1vzL6Pb6dTZJRVSPpz,5,44719164708362
DqBvkYXi7HjdaKz78yakiDsaGuq1BKrQi3Z5JV6STctz,5,44662853912286
ByszyWdqC3rVMWy8f6jwK5cmwkpwYdwsr7UL58xS5vnm,5,44432382432477
HtWgkheyYcm4f5PCP3h7kvL6YYgjt33zs1jMBYmHPxUk,5,44425892951017
HVXXmNKkmDZbZwj74iL2Y9Wu4SyrchBoxAfFYVAktLrG,0,44240035815703
3x9nibnhgBHWKMRiGnsXJELRBjviQpKyigfrXtKW27KJ,0,44157800054085
96XWbKem84optM8RLHhc8EYJQG8CCWA8F6oqWMPHDweN,0,44054800227427
9z7sdEnttp9T9bzoRZumMcKWCU76RdmrFPi42km7Twb8,5,43835642074090
BwxhmqZRmVKfDkhb3ZvNUVdrLZXQBumMrvexoYrViAoU,5,43831437748558
EKHuz3Ag7UtYrEeterGVFHwYWDn2d6aXjnAAf2d5edLh,0,43829958849483
HSZfYvEn8VnrBsR5Ner7iWWbUcRvLsv1EMeLndnbhPgY,5,43827375508770
BuqMbtUpT9DQTFmWqo3t629Am65Vw4SsgCoMksDsryQD,5,43718296966570
FfdKMwFrWJSBdF5N3RPVc4r16K9KnQcVw2boCpkY5zVi,0,43493799101333
A24hx1Tn8KdhJaDLRozmZ6QtE2TYVwPLdrfR4v95JLRx,0,43392484058597
CJtJMo1bwttF5nq2noEk8YbbUikXWWAHtEYuqVbtNen2,5,43286650372032
EEN4pf92jyVoASZ6pQQMHcKXTF4d5T3cY1a942QhRasc,5,43279998495419
3Rv6ZVGUuRczP76322LyhTTYw2iM4avV4B5xFJocQJer,0,43192229769652
8S1VXBgZvCsjgnRAMvxknx5BKT7APb8rFhyRVeeTx1SS,0,42834449015776
f8JPS1sKWo8ewAUu6sufkDRU1HRCqYfegExB9K6CPA2,5,42745092122269
BmJrvjSqEnXC4wEAAQgscQMUWYjp9yTNW73nzZum4DmG,5,42739910520704
93fX4gLgnUkcf3vmGBzuNKEt4em2tHxgmVcbq9vNq4jE,0,42613078709310
8vvCiFNbZJCVuaCZxCAbAG58Kmzk7NUnDCh62xWerZLb,5,42577413157620
HnwMGBAw5PxaX56eSYc969MorEy2NzEMPLkmBkdnJmeq,0,42521377047408
DzLjgYbBhDN8RrWks2wjdCXgZ1Ez9QLBMDnM5hV4n19H,5,42497558537350
GUvRSvhhQRA1PhTpMaqW5hELHcPP9QP4W45tHFEbtqRi,5,42483124293385
B6v1XojHEAjwn7LB5tjdejyjNNQXWZv4KDAcBzxyjBAB,5,42335725916232
7BTbVD8t98eYH3XV17Azui4cUMLyfvheoJ6w6VtWivfW,5,42313846764031
Cn6VUkPFnFjJTg7bWdX72mvX6W2rqg15sNSvRugVNmFd,0,42242437279005
ALTph32sY6zWEBa35tNyYZ9eeLq7ShKmybVfJCU7MSLF,5,42163845701591
3K2sbebmoEQSmj7MuMLyDerewwkiFcw7nQGXtvygqzJ4,0,42139163779226
5SF4Ep9uJDZ8KBB3yvxqMBvxEyCV5gmLUqzw7nhG8HcK,5,42109504703421
4ufH2sFDbfazocHUsQeZaDDxpoRrAPec1V1u8byScnFg,5,42107490802106
8KtF9eXQ9f7Qa4zyKq3w2pYxGZmXfMYyLpJgRx1Pqvt7,5,42105193055781
FgHWJQfTqcMgPbwe6tQREmWwMXHLrGCHVMF4yuhNuysf,0,41988326690899
8a5oKmUfwQZwZHV2NFYmiRLNepySV6cNTjEoW7pEFZBN,5,41810590873780
ubmPuSVEsbd4W2gi85u8ZPisUNRUTVMXNCTR8AxDaxY,5,41786369206819
Fw3khiQmpKLSdNyoVR52WxbTWT9gjFSXFsZewknwLGb5,5,41781379452729
CKwRED4NttAKmB4D2aos4uQqXqH1QehRoZLdRkyjLdGm,5,41765603604809
8n9KRHDRDuZErZwdwzhtsTFJxmHqgCQ4ddZcdk6GMzvQ,5,41762612284795
C4iCqAQuheCTQYsVNxYE2rWWjBmq2UfAdivYDKLdR4ut,5,41720320571166
3KW9MzaoUrqXymwZKMph4kPaJ37JfCfw8LxsZnHnCBGS,5,41695800207207
DJHsoHQvqYjb8G2Ni6XSbBSHxmycMAsZksRDytQ2bntK,5,41690220478749
2jS8AX38m8F9C5juToW1FmTufEbb1DfDzZJj9HSJcWwo,0,41633282965194
6MMvVR2UqSkHz5Drt4mmpaS3DBv8kvcrFuKh4sWNGCqD,3,41577418458328
E9hD3ikumJx1GVswDjnpCt6Uu4WG5mz1PDWCqdE5uhmo,5,41552941445555
Cb2EjFfZ7Aom2zPze2no9SZ65kttTa4jR6Ug4NR6vpPu,5,41543513161995
9xsgKAU3pyKZZddPXdh5wLRqjdw2Fc93BL41JszhEpZz,0,41335504692803
3kiyzZdvgkxhkef8v8cgbWe7JJ6a7NyNDpXMPnEUpb7x,5,41296290372157
6h9jyRgfpmgXNyaWpbDpbxbCoF56WEbzsruhMwDn2om4,5,41295677477701
13cm6z7ajighVFYN1aR2hPQ3Rhp4QJenDbHGRmps9P1n,5,41240835263973
DziZfhYj5RcXFvanmsfmtRqwRteSNDnTgLNEawdZww9J,5,41154801261419
AuHhgj1BcjHsE2DJDvGUDHpb5c9g4n36MB1Pfq2kc5Yp,5,41141443356012
GtpcBib8a8AJAaryYict5s4igHCfvoCM9qVSXTK1scyx,5,41072730479092
3EwpY1E6YgXEX9MogkM4Buy7nNjNs8TLhUDWYwcCixJb,5,40945639873050
BhcJRCZj9y8igr9cubx1H6cRAwS9XNZizmDFhfRHrjy1,5,40885406871504
RFLCTDRBVZTEbXrCd92jnKghYeDJARb6ByK2JnPfQmH,0,40708349443833
HNz9KC2vFPfC7TPmNtzh7nCDWDBYTLpCbmn5QD2UYX9u,5,40704262314366
GwnQsVbbVsMhGqWV3gcVCF1364LRmftggyc5SmsYMLrY,5,40676475648160
ungM4fafkQg1e13MAzwzuvCxtTTiTZ4Xcq7KqnJRyVJ,0,40616594586913
Ft7vbKXZULMQyfxCaMUzbMx55YyDbAHP8WzaWfJpty4q,5,40470952577976
DTF5DM36Jc4vkVPJXbSm7wRLe6eeX1UWo72WQhxKJpR2,5,40450759131270
6gL3uHvuUjaPp9mTBf2VZ4tpKiYhbWyPrAPboGByzEHd,0,40424338970109
4my2b5ujEVRt2wPqyQL72nLCGpfbZGAHRiVa9zevNGY4,5,40402172942880
AmhQFcGvH2hjkucP78rn6GMKSbstYwyFpCDVKZUwBGrG,5,40376793178125
HnvAnkcnGb9by7sKK8nqfYk1AkgxBzhnC1DQHn9rHDNS,5,40352791653065
AbXdw2xawfc47R4fhrNEYQgrhQfZDnnnzfLYHYNurq52,5,40234878280859
FU8F2V8yCFhseHDc1CJ5Sj1e5AbGNh3MnSe4REYX7a3P,0,40233676355302
F5q2LhC4246qJwKN8anB9UPCKQAtvpoEpxZ8uiw4fsgz,0,40217295364637
2nhGaJvR17TeytzJVajPfABHQcAwinKoCG8F69gRdQot,0,40170169561606
1so1ctTM24PdU7RLZJzJKYYVYri3gjNeCd8nmHbpdXg,0,40163366207679
GqDCbnafLmKkdqiqf278jDLXqjjZMB2sViZQtR82jPUf,0,40130991356345
Fa17nmHFt62kmerRQNGtgVWDxnuf7UD3PY2eeFfhpz2t,5,40083350693974
4DBSKsjbs66piUiQ6dUjw6cdVzAGc4FgeWSZ5UVPY5kr,0,40041953220270
9JdZLEKhA7k6SxRQ4cJT2Zh5JhRUBJGXcjTNwMtTwSiz,0,40040978791922
Gdo6FaCtTQqGYsmDQrX2icSZeqDCdVizGzBDNbiqCGbJ,5,40028981260111
popscoyTKVksa4TyTXw488b3vvFxM7qQEyTBeMQopKu,0,39979766198616
C4bgengueVA9cRcprjutgu9XgvgoaaFnCqvpZaPy27xx,0,39910764708956
4t2m68yq7z4WycsdEsNt862rvSPDn4SGmc3H5eJXCrYF,5,39896380348417
6xct3c93fs7s8Dm5j3rVabTDZD7ahtwFDTzydpFTuiEn,0,39840949116723
A3ns6dsP1nsSQL8vxL9DRN7YYSGYLnQi4r9MnySY62NB,5,39780816122552
DCE4yhedQgUHQhC9wh1FoZqaw5nUah4KiW636EvsJL74,0,39777793119577
3LKjD9Cb8RKKbmwM3LphHEvfZdjEU4rAFGDDUiVnuXhJ,5,39770389876804
EqxCV4fz2unNzt8ydGrVyz24ngkH5n13x2wDSJ8DY6qi,5,39681521070872
CLdRznGdzSXqpAu3SNbYiaiXeDfbe3hJ7ZikFKybsSdX,5,39675514670753
AptafqHRpGk3KCQrGtuPGuPvWMuPc4N15X7NN7VUsfbd,0,39660001194683
3zfHbuMc8ijTQEK9LT2WhgLgmwhWwWrNEqvY2TqYiic5,5,39629160255349
8o5FeotCKdFVExGXscJXUQeNREFe1uZ9PRgvQztrpAUi,5,39617939173818
G8iCkG5QXykEmCKxe7yrXyXJapBUFxTQsiBUeeHtYmFJ,5,39599839278190
6cgsK8ph5tNUCiKG5WXLMZFX1CoL4jzuVouTPBwPC8fk,5,39576903054784
GpSBerAanZz9TrWitn85QoMcDSLeY2GTG7owk3iXRfGy,5,39481210567671
2kVZVTY8FMRZ3WuHzyqNz8qd4Ytbba9f9DaesUm5WLvR,5,39476843987425
akMRrEs7bjjWWLPD57ghDiDBE6p75vDaigdPVcGajf5,1,39433957489684
Gctz3akopD6MtJdqYcGDAjqLKkghD465UjwhmYG6rJ6t,5,39390998962243
D9LzkzWYBMnJX5FycaACA6t5DHjnK9oS2hFXxKW8AmvQ,0,39364725446323
2ZS2DGFRDD7WWSzqkaPoqURVknoMdFVFWDdBRKNZuqct,5,39358787901763
A4fxKaaNPBCaMwqKyhHxoWKJ5ybgvmmwTQmNmGtt2aoC,0,39347647141549
F81SEGvZfu7TsugY9vo356ay8UsNxVVjCF1t8ebft2P3,5,39344621983474
narPxmKTwkUxvcXhueccHT8xbE8og2Vb7NrLBm8kcrh,5,39298030570849
6cgNsURNykJ8H7eLQu7XbLZCAc2yrCFgkfWaEWHYHXDb,5,39273891863593
BuonuQoAR74GoMwCFhxKWVWWSGGt2wfbNmQ3cizaJ97G,5,39252525116102
EnizqkyVhbnMiQLwECv3fXydJvkoFzMjrdVtdpFWxNQt,5,39237472453901
9PViHDmiezXQfeYDveJrcfkXCQVCcsfhpo32cjHUeZVj,5,39193511179822
DohaxzeUj6ma9shCykxGxi7FbWnMyW9hzNjwQjZHEDV7,5,39186619349067
2PfqZgb5gmCSLdXhaYrGH4aEoizFGtJ7wFguU2hiPJjh,5,39181279882521
4642Ley88Zs7dvEDCyNqnesH1TBEisyx4GvgwXSBzGjR,5,39164421533695
5spfmL3ZksWzAdAoKE5VzUuQKW5R3CwxbJYBJBymXYMH,5,39147824193964
FG5w8e7nBXivh4N5zwMDyFrj5sMx11NUnd5wCmNfPZ6b,5,39139200320458
4PRFPF7f9ERz9azkDFSFfgpye6yixPENCka994j8mQbj,5,39136250868575
79MeHzaMahBpgCZXHSzu7ukAd7YD59ZLn6VJ3Mb7Vur,5,39101344142536
Hb6N8QrXst4DQCS1U8neQLQio5Zk5mn9zjnWQGSRHVSL,5,39085241091012
9Xm2WtKW1tEpY5wxKZD9XbAmojHGGtjiGeM3LotYT1Z9,5,39071772538155
3SPWc958ZcKXvbbBtD2YPBt75c5hkE3JfmTnyVViZ9yi,5,39029193496526
cami5ixFFZD3jLdX8Ef5tu8o21reSGoE3GpGRrQyP4z,5,39020763977182
4yR5uFMdBqxAJivLBz5hS5ooEdjgCkegjKBYzkCui3Pp,5,39013921983615
5L6SdhTp7QsJHrQAxHRQ2NEH4AfCApBKDgPwuF8F9Exf,5,38951562671370
4gZTgnKYcSqSXdQ6C8RbqCzFoHQAHaS3WVgcQAC5KGD8,5,38946158532686
574rvsKGZg8rBuSNX7k8gG2mHFvUMwt22sSgJJBMCQVy,5,38941936741904
D7hwgGRTr1vaCxzmfEKCaf56SPgBJmjHh6UXHG3p12bB,0,38901532055565
A5nvA7aUhcQWBeKFaf8WC7e5Ryzp4piuWc3hkvpLfgSs,5,38889464117409
8zgT2JAcjqE32L9xGt1CZqKzBvB8crb7PVYn2B26taid,0,38881027949040
DQCriUSqyokJw5gA7snLqXhscRc1a7wNdgkt2ZsmK7Yd,5,38875783257903
J2ofWwssE7YEMrpN5waPQgboWgLdwprsfXUu7vXaBona,5,38875534852313
AopYZ35QJ3V2dxie66TB8SGcaKNoCyRnn5Jf37WS6KiS,5,38843828911219
YuRBAsy9Stw1u46A8dMp7WQVBFweLP1PKuYibzYAMmQ,0,38835329330963
7U68WfpxJF5W1HjVQ2NCQr5EuKhNSvSRAnmWTk6225Jf,0,38799491383458
DZKTNGR3r4Akj3G42ReZatKhkmgEXoZjk5Ed2tFwRyqm,0,38782456990936
B6zLgsToH2nkxnkoAUsp86VhrCZGHf8shUBf9tdWtq4A,5,38735865372822
D4NAMzyruddCwjxwPfmKf1R2MNhviszUJAb568koCZ4H,5,38726803237773
rusx3KV69WGvsEbWa2HxjXp9GfHpjojM94BqsnfxKhx,5,38703889240751
ANTmwMfoBzEk31Rw8e11nLRvDgzWEVEMGUUy1v9fdRxV,5,38659333550396
EhnZCSGaYCsVfNX1Mppw34bWXjCMLjywDfjyfL21KW2b,5,38645308124626
wwE7xHLfPd91XRti1AAzBv2zTEYayNmUh4bkJNSvyDf,5,38634680054536
rRLKNqoVbxSfff2FWjXuEjEkHKMscbhYe6vAQfsBJuB,5,38612596368428
BR1aTt4ZZUCwWJDkSYf1hqkYJjo7Mb7Ar8iVTkeSwUB8,5,38610935284044
HJVsiUVvbYvTLHsRcHw3uT5cHJwbpGPCBbEf8EszLnyz,0,38606669749614
E3uWZFRYyKuC78U1FaGNEvxKgbBshRmuTRQbWhe9eSFW,5,38599786812797
GUFNuRw9JEAQwrJR71mRa2LbMRyrUfziYUzqY3KQwAXv,5,38594506742651
5B1eeUcVsdX1GQPxeipE6MXaQZwGAWNEWCTPWXqVL2j9,5,38548791253310
4VzD3vmbydV8kCFsJrcfd86bU7ea8VdGjwxqUaPAaoPc,5,38546265938380
GtGKD86yixYZ71eZJaKyxtxkkrsLpG3XNVXQhc3LwDk3,5,38525636005515
ACE1vZHybM5UXYupDkG3P3BoeQSo6JNFhMJ5ZP8Pfe6D,0,38520356783505
5ndCsM6pXuWyY8s7HxWfHBFXgJmPw4kekc5RhiSsy9iU,0,38516469114718
7LMg8n5DRe5UzSH1Qyn7say9HQshWjjnaURMBaNgxCYE,5,38440315616773
3Urw79qk7EoFoxwPurb8j3RiSK21pcP1mSVe1q7HGXbk,5,38418545831920
EtfaPcTB9xt4QD4ixdmffU7SLYraKXnDM6YMxpgoaz1o,5,38398666238395
EWARp8Syq8cTWGWHtP5LT9fKAn5GvXfSCH8LfAwpgQ6m,0,38368754739495
67iXZNZ4ytz3A23WueWr5B23WY7yHdESdRPGbVaPYkHw,5,38364341431362
F3tdN8SoakjEPb743VY18YyKJWYHo6rojV3nkas5YJh8,5,38353947917222
DSRVdh9PQaqAcFtMCbJhyD4yMD5H2EeHNzdbqWctRY4E,5,38346257478468
FPPo2aGYYwDWK1Rmr4sXjiCaZzzMwGKi67ijAiVZKwb8,5,38340831072340
J3q6kWN5AREqEktDaAhLQuECcgGhuoFFZV3g6BHdsroZ,0,38331811827343
Ah95vWS61zmcbreP7KWcJizUCpQqnGxN4feEaeADfX2d,5,38305617087401
HjFSnMZX3mUgEjtzrS322dFcMAtzYon3xkZbMzHe3KWs,5,38292302726488
6ZomMAu9XSu9fzkRjqM6HbAXagw6Jo9fTsfsAADTZMSp,5,38277328063650
7X1kgrfYRwFd94yyE8tvsQF5aTFHdmoLXnG4q79onDAg,5,38263039541746
HuxezmVRF3Dokr23jXmtUVoR12g4Cw1VCvwb8KAP9M4o,0,38262072920993
4XmNA5e2NQ1Trf8SeNxtUVwujQqjJfuqX4aMgdUFSXNE,5,38244214973031
FniyXWNu3EXWX9fXubLpFcDJ4h4T8VDCJEXCwVY2wFRh,5,38240075690103
AdSHK6vpQnwHRSw7jXUwjMEytmhFwnynZSENhvpAxL1y,5,38232453166232
4QPDHzck5VbGf2cxNM3KNTw1beryrUxb8TTvjgjovX4B,5,38217448910315
BKw6h4WX1TttGQbTSULtKcVaEp6nzPxQGHexHiX27atH,5,38212293410345
FUyx2W6wDt7u363QgQRWQYuytE5uJWZLGJpuVh3RDiCa,5,38182957672236
AFZpadQLDCdMSCUf5fHAZbGB2G29jdfoef4kmytXVYzG,5,38173764499213
5Zaup4jLNz173kiCavaoDqqA6hcKwxQMeAmXTDk1Mvus,5,38172237839716
6qfpcN1G71zJW4oC3d7qzSkHanqzJCZmdJHCGsXGEsof,5,38167405753268
PPdwxwyhXWBa3W8uxGDJx7xpfsgj76Ef1fXbjYnANTm,5,38150034826867
AnKWYWA1zktynzWqPC5KQFYWrTEWNny2CAHbAVU9zSXT,5,38147370948193
JokerEfTSznB2aTmowy4QPqjyajLMuYM6Jd4TDnKPNc,5,38137244004618
FYjejVMGsaN3v8fo33xfDxQxiDEdxw73KqgPymcLorY7,0,38119077660690
CjtziaSBhv4E6RXmq3PQPsZn5KBg5WUR9XnhQ9PoLK5s,5,38115089006382
DRvqSY8pMgWPMPpNMnof4S25qp6VySBC4hcvi9EBu4ZP,5,38114645894691
CptNqx18G3PjTz2dEq8GyU6TtTGfd31TE87mH6y5cRHT,5,38110902415597
34ACte2QHedEHKyqrTsU8zHPetS9DjAxRKtY1Mm8exji,5,38081968258186
8Y7SLeBygba7einxtGCaCKaQQtUXBQrVtqQbmDGErvXU,0,38079012594042
keSVSWNZfPBeQPcwvvkkerr2Xd6XoFUyPeWwzHSUdNN,5,38074768768552
8RsF3KMu7YE2U9uugX7WRSUg8Szj9cc3shBCaV4HXNzV,0,38074519603996
EqgfgrWR3D1As2aS7tYjoHfNxgxcfNYvdUL5zCsXFXBt,5,38073637658614
AzNsncYBQKcjKkmSCbQSV77KhH91pjAbkD2g6F46dMU5,5,38051030547710
5TqMpx4wDLRn7qNaNxJ1bsznrqAhF9meoxcpdY2Bc6Es,5,38038209754599
2XQgZciomz7MoPNUz5YsrPkPsGg43JHaY5EDgQi1S68E,5,38035102572838
4zsArzr9cCAiBuGA3yGbxFtYw73eMgnaLS8q4hjpwMxH,5,38026522158564
9YDu59tKDysB9zT9P8cgvaogmuy64R1Nxbr57QHztNrW,5,38024860887981
BZBKHmW1DhBaAPojxWBQ26vGz42Y7MtNviFZWpc6nGLb,5,38010785562774
2EqJXwoMuMhfbeoZsCFFhUnP5vBEtND3ykJeHU5sTPCo,5,38000728135287
ECAq48skWmYJobngNd8ZDUQxB8y9KCaRAAzsfp3y2hjK,5,37959071527734
2B5wMmBQkMHu9V5JbUyJuf2mJJUU286qKPsZzvQQjTNQ,7,37958308205923
92VEPQZ6VK9x5rSxw6c3nNiVb3H32nF1ZeaeqkaFXTwK,0,37929249827683
E2Ku7bYp8YTFpd7oMerQDeYpuKBFjpP7WyPW34Vg6khS,5,37928826977759
Hs7iGFYpeuPhZGxGpYRfGkUW2m7wWkAGmw9xA9bc1tHi,5,37928135048805
EUVBn58XXTX9RBTm1R7Wd8n8JkvBMQfc9uSn5wPhbdBL,5,37918996171620
DRCEj2QaVTig7koAEFQLEThzPkE2v6KMQuTaFtc4khGH,0,37901472454154
5Y1VqvwH5ep9JGJ4hhzxFoupy5Ndkk49ggKpWqAcjszs,5,37879662457772
CTXhU887XFTPk7HQdVQ9DVyEoa5iqwmU2kunFiaFv7aY,5,37874885758548
13xkw4jY5PvZnqCFZSTBQCjHGNd6VTu1A6PHF2rU9AnA,5,37871670303510
G3x5eb53kUpp92FWiyqRWJ3Q6e9tH3dEjGDgDWYf6was,5,37860250174937
8kKWqYja9tNyFRW3PvkMj2A9ERvmBwvWvf8fJqgTD4YE,5,37854847158029
4X8km6XmBSk5NK2LfiqrcwxzXYSh8KiVUjdZxe3bzWKL,5,37854596587923
317qtuGJuJpFX7pYd3WhRCEwqKMjHmnA7ea7YemxpE5b,5,37849540211796
4J9HoqBamEDyEKGDZgeRjCpiGCirHzqP1CadWmznrghF,5,37846612798686
GxzTe6Gw3qHTd6DKdXaoPWtEveMKnwMSftBJQ6qLNpg7,5,37840974746351
D32cBNvo9qmMyMSJzWqDPQ3ujYFuW9HHNjVkwxspezQr,5,37839069732579
9hNrb2RouJALNyK4oDGgML7shRyaQwPMY13PmkTBa4KE,5,37838247475306
GaDoLNbHGYVBJKetk8eKJnnWq5y1y5Li1eRGP97FGsfS,5,37838064242323
AVTWxUavcCr1a6KAoGdCEjqTEPXFHMyXCYWeKgf7anAH,5,37833114544455
HJQQFTic2nom954XggPikG7e9jy3LzQqyZLsLaprhpST,5,37830344174334
6mXzy8eK1eCQ4HP1ZnQcDzscTLDaQ3PYi7U8NuYTxu21,5,37827620938785
HW7ntfUHapD5o7McDuPfGvkfzrPcmuPSbZMMoe2gksKQ,5,37820230020123
sw111gPaikSJLqobN3s6KogBD1zGH2w92ahqdKEzjCw,5,37808324345705
776BzpbpsZU1rbCkNHizEP5r8RE8QL12Xqm49krkLPLy,5,37792753026293
GCqxq3qUCMRAyhDLsXKQtAPmHH4jyaKCf4ur9S9sLxwM,5,37782802403075
5A8wwE5c2ND3H4ECwgpcPV28Gu9N1YjkvHTY4a1dm1EN,5,37778982051098
6k1YkmTKwPRUhChnxA9ryJmbtuQMbro4xFTL6mL9jycB,5,37778948052466
yJeahQNRHNWtL9Z1SqPX3SBwTYXr5ECMYYVK4uYVwxt,5,37777528526773
DFb3dVMyfP4LRBvNG95QQt2ctNjcnJxr8sYDKHEt6hDx,5,37775573147894
6kDyGMHbuWekkcquroYNp8VRL5pQiUzEJ11gJ75qJsRy,5,37773908474295
MT6hqFKXQ5hPfp2KSsbXghT1ystDrPpwvrxVitRYYGW,5,37767543836629
7mcgHPHLfdoVn1JV9pQp6y8dbx2QF4n1STRCyG9wJ9rV,0,37743532907490
3Y2LS1jKhP76J3emMXgpmJnCc2HuaCGihFNp1UdbUu1m,5,37733113400491
7eexgwFKGqyTwf27YjNemrz5bRjR5RE6mLC3gnZZbM2x,5,37712146451257
9Hk5RS6H7io9y2mcNBPFa9BBVnMuiNgGSHxrF7iNsNws,5,37710249105769
F1TRgPXnrcBvs8tG6mrF4JbxuGBxS9Q6qN5Hvb9XBzUY,5,37708323347619
A3Y4SRHDLUotcZEEHPAwUsybwnFkWDRUSFwbFPAic8LR,5,37690632650723
3Jxn6NS72re3AMEq6ahmSQF8mfMvrCErJbtH9rSRKF6Q,5,37682623100465
C6nkiUJdeebQqfwZsQ3fyaGhZLBZoVY8fHATV1wMdkwb,5,37681975649467
CsCYF1cNqRR7CEvUJcBToFXink5m9JbNWHMAcSSaZ4pJ,5,37681465369750
AB169wapzUT6SRh31RJoRjiwR4bifF2eDkkDiFjnyRCJ,5,37680119867671
5uru7tZCfJKpVWPu3hgs4VTNmjxrYCLRNRvdGaj1aRqp,5,37680084297306
HcZr843v6BmJ9o3b59K8DYkMMHBgdmjosFqovwuekjnX,5,37676044971784
AfixFcaayCMtTt9s8kg8Nrm12D37yHU1J9ePDRphSof8,5,37672693976596
cybi55ebub37HZW9YmRaLh59Lh3kqaLTsEBQwW6vFkC,5,37666365154040
4LV3DTVTiE8TLUrS2w7pgpoFydq4raXw8tDx6FAY1KpX,5,37648705799191
FaMYZXtcjwroLEBy1UzEaWBX3dyFqzNFnoWyQDzWtTEQ,5,37645010675320
8Xtk4LxTyqJQ3kMnpJBcrtpMy5gFHP9tsGUZHtUK1wpt,5,37640303485493
WEBcSrGzGcc3NhhHuNkxtxvFx7bkCvjpQs1gZaZ9YBi,7,37632481150103
2P9ZYA4vBoBBr56hrEFTmrd5ctuz3r7wtvRYmbgk6jRL,0,37530779452421
58T8cF983TnmQS1Q7J9wW2wdKoXTdA5MZTaRR4Djyazf,5,37520809736301
AtcXisDWd3TWvgV74UzEM55xgMGHTrmYx8FVZz343EoH,5,37519946978051
9oJWvtDMLLM5U5hQ8iZ5LjbZLtHHzys91hvQC6esmsrJ,5,37519586267548
5gYoQH651psGZQMVoW6Suvwsz1GNhbQgN4NXYKqd6d4Q,5,37507722025710
s2Meqg3YnYVZBLSAvXhLCttifWyppoPh3W6Meqz3J3v,5,37489707762686
9goZ1gyxKCBR3uLbXvc9PEBcUSxWzD2NpTrtY7Ys8oUo,5,37484193719042
AjGby82yXeYgj3kmng9y3c4nQpZFmiPpJKecLJTHbfbP,0,37476984931093
CtsPhMW7Tb3oXmqfEZZTgE59oqwWCFE9ocq7MQzREShs,5,37470504562729
EjS9FcaGPEYz61pubjmtadEkbvUBSdk65t9ApFf94Pnj,5,37464143334277
9Hzxq2BnACf7AJbLUBpuyRgtZtuJwFvNYAeah1x6iYcS,5,37463633919480
2mimK1Dr2PPRnT1Vkw1ozFj5rNDxHxswZhUhmef4tq8e,5,37461847779682
3z6PJ9F4Yk2vAFGzCV6cQ9MLAJfHcGtLD3rDmuim3G2g,0,37443968329422
7v9hri2v73QtzPq8YoXEinq7FSk53FdAqdEagWY7b1wV,5,37438617798246
8Ey5FDayWYgJdVoquScT2hJDKWk7nQQfqzfGBt1emJpx,5,37419831823514
9dH6wfdJVgnDcbCUjT8rkmejAzTnGQaFarmLfvBYXANK,0,37413386296148
3yrgchivxUEdz3qAAx3X7vfrFLerPMJsLTEMwJyqvy7h,5,37411640718750
FEJwc7fefAKZ2R4rFbLWh28saWo7QfnU5f31Bi98E6cE,5,37409532288120
BesDpGgr5xEdhWkfXzBGy98ynNxN7uqT5sMZAGX9utj1,5,37408569078154
5DbifLTeWTZCPRBntnnrsGPVXoPWzomDJ1sTPiWMS12n,5,37407794987228
2X7WoaXX9KPqNrNfvguhnwo3rjFPNsfw2t75fGjWRthz,6,37397667795467
Ca5e3b2AmrL72V437MEZMYTLnNUEXTr2P1TZcGQgJPyP,5,37396850199199
HW4zorvt6xDwhU36RqjcWNwU8YMj9tiqnAafBKW4cqV,0,37381485754975
2zykwzzo1pd3H2oSj5j5SRLTvmpa9Nr2S2Bh8tTVd5Tq,0,37374336141578
CbcGAKWLadLFUddypS57Q4TTb7KDDvXjHYtaR7ZdVUCp,5,37373646426427
FoCQPE5Q55aHjn3EFie3SSgCZBziHjMqNQq7xMygWRYx,5,37342631659834
FgF45YaaF57X8MbcQz2zubreiN2ffovUmKFkdc4b8eKS,5,37337985583873
GXdrhTwKXsoeMdUrrUpW5CaB9hgy5Eb9zZAzwHZCGywL,5,37325584761280
6gBnV7HJzrYEDrrzoBnNV6xAMPKVLNkPyh8iPRpcU5kB,5,37311562705240
DWaYTNmFZLXGhYo51orrHNotqE3q3S6L2paQikYMrKrw,5,37299882194370
D4B64Fa4U3Aw3VzDb6ktqxnAqnAdeiXxKY214JRRyWBK,5,37296517925209
ATd7yhK41qadD5V9eiq7UXQtRf5pidaR6fyKbYtKkbvz,5,37286059086199
3hXhY28qCTKSQpamv4RoukhRkAQRszRjV1DY2Lebebrf,5,37277076143964
DZdEsncQ6Kn3qxBeCiG9ubAYiQJ6kRZohyKXq3KBYt7w,5,37276228226016
2kX1VME9AYwFsKPc7NU1xAZu9HKxWUHRMbhcyXLJiV1a,5,37252773537479
9ixkRQFUmQfDfJ9sBzJMs8QeBpqz4AeR94n623eaYK2S,5,37250480466392
DEyaaKr3BS6j7MEXbeQrZz74rN3YFoSbCgbJ5GGMzCLV,5,37227352997652
H85v6HMycCKjwpQhe9zLtBDdw1yYrf7uUmXF4NcxCiJv,5,37219336382757
J2895yqMc1JqrWPQ2ryDPn7EbozZpAoCCPTy3BDUME9m,0,37193325346334
7DWfjmZtryurJtUrpyALuuGqby2tjPzMjZL6vL7ujRBk,5,37192004835129
Ff5CpTFzrGag9RzJBkGjeZGczzzGTNwhHSkyzQAbXJGC,5,37191990819003
9T6SNsBimjCRJpkEjiVsc8AcxTBa1XVA7RjnBGGfWP23,5,37191624580666
3raZLZE6gqVDAHDqTkJfQ8eWPAMZpWgKLJP3TZKD5iVh,5,37189249228750
D1zqVW87NyyQAuGGNJVLa626QjQsEmkEmx8XynVMN98s,5,37184095660503
GbHe682zUScwnc3wu3o6SRGUdrBaS2mgDvEndD6Z4cis,5,37165475075915
GYZdxwPwV3wTFVC8DdZuJQZDDRCg45AtqUai8cpSyAga,5,37155984096567
EK26xTH6QLS5uubx12av6XrmKH2eotCwAG9r7SBhbhGb,5,37151730624460
DaVvfMfKshGMtCTrDnsdiGj1FhdCVCJSTjRRwuZgZy5C,5,37145902732882
2D2v7sMqDuq2ekZnFhaQm4k2ErWHemZQuYf5qaVTPFmg,5,37145775873187
Asju9nresVBNjVMygiCUZCgWJVi7reT8aHE6PMc2tTha,5,37145541423301
6kEtLATdCXttEJs9iXj8DfFsWYjQ6uUysN8KWxshJKLu,5,37144574453335
GGoxyMorMrC8XNAGCs2XWfUcdoPKyJjZXF5MUC9MFaUF,5,37143977151429
8ypigreunb34pCiQRqZzQoie2ej5prAjovUq7sHB6gMZ,5,37143922674976
94nRfNEua2iKpbjxzozNczrGK94Z7zfq2AcG3T73HPEd,5,37143826971614
Cu4M3yd2LfMoGhmYxKszhVH18SPgt6TQvqnE4AWjNKwd,5,37131996379600
HwN6eoEe9N3kwHi66hpQDBMFPk6ASQGthWKPX5MZmisp,0,37126869367625
A6ZmvWcKGVUnwpum4GhVn7CftUJgVFNSg6biedaNKHBC,5,37109556819772
5rzBJeyPbEbrUGRWY9pNDp1mpR472zF5TE1dF7ATUvNR,0,37097055615364
4guS5XP2wgDWecZGgvN5UQmV8iywTrKGaA7kv9hj3tk7,5,37087948890325
A27mmHqiVZRh5R4jNJksfnHj1RoJTNMFiKhbMSBTu5Ja,5,37084496897804
3weHX7YvucD2n4Dix37TkD6rSYHp4FQsc7d5iUvhcmqX,5,37073968913268
HrpWeJSYnQVtZe3BKxFCBrAEr8GRCmYUbQev4hoGDBs6,5,37054005903096
ChkH4bTk7c5NSGbxvXx89yY2oU7rFJsr3Cq1gPNCCPVe,0,37051932305644
DBKSEwzFx3i64censdCm7v95Ujp2sFfMtksBACkET2Kh,5,37041892674492
ExUKHLfE4hNEsTx1TN4YWxfpzkGv3eVujcVp6Ft26mAP,5,37041298771318
2swwdmPFEPFUJ38nJbJJBA9kKooJzaeUZBJ9o1mYHepc,0,37037914466867
FXrzBb4KBTiQsVdSprYtKE4nZUvQWc7rgG5Z2BF9mUXd,5,37035716350222
HtzxUabNfYNJR43FUmcpkgmtANZahbq5iASB5oiboXzF,5,37028380138460
73ET66kH1rxnkTByem6r7CX37Wc1FGmmBtP5uWYzjAs9,5,37027272024386
7ek3CDbxpGRdCVTJJpj6WPHmZrJqBCQ2RBQoqLHitx5L,5,37026150295678
4Kbcyn7JVPAWLRLPsNGTPmcNMvCkLTw51ZLRhqsUC6jP,5,37025802789631
2oujYrRmtDDTF3b3JUgsZ34TkcyrozMjgRHBQE9R6K8i,5,37022621636059
CtvdyHYt8cMuGVHFarV2RADfoCdnrbd8e9jAsB225uMW,5,37021985163775
BP1epAhFXxXEqo47GkFTdf9UuRUU2spKnuRxhWrAFED2,5,37021621966909
ChB6C6dmNujAi79XtQLPKLL5SWdNLMShA7KKnrMMFF52,5,37020624592328
Ch2UBdfwRY8UyAKCBzYksu7QYwjCXprkbUo7AY9CSRyS,5,37018608046813
4kpGkEypMTgqSDh5GEQa2YZdiHsnPse2L2G7fPQS2Fvg,5,37017652833354
97MtLX5ajrR319PH8iLnctBpaLFoT3TNuUAtZfZaEn7U,5,37013310820456
GmJZNahpvdqMFTtrqjLHC9UcsuE83Xk3DmgrSpqdWhWr,5,37010715212617
3BeharBd3j4sKQp7Qze27JLQLd9AEEwGTX9TC7dXYSNw,5,37003798877006
UUcsYKGXbrecWLTNn4LK1N21Px1Ra5c3VsFJzAtzZPk,5,36987451676016
C2kQjjHM1JTVSUxxsEAHwuKpKkWYgAiAb4JMfv1S628n,5,36978502738188
3RhXeDMrtvvW4ekKoYCnuRYa3Qe1eAYzhLjaSREJ6fKE,5,36973750940857
A2ebRyFqKWC414hsBdUwaWiC8YKY43xzUbUf3cYhfYNk,5,36969822134916
CYE4yqwnteaXW86qiLqqPM3aJVrDWivrtKhG5ByznCyL,5,36965003540229
4PeGtW7j4Fceg35WTXk7FLo4rE4pP8FHF2EytRezk9bY,5,36964578530087
Av8EnYrPBnSJHK5e2wmTdnCpSy7nzmBgyFaUKSyLnBfe,0,36962222577829
4Ax8CmGz5BoS8DqSWjkAFsqTuzeckh5x21FwdVrXQbEQ,5,36954129153097
DChRyhfTosLADCyHj1JU69geyrWm4ov2SYyNkqMN9qgp,5,36952590342365
Dzx9VhgpYJ3yco99soB2SY9Cs3CAA7wVx2dHAFEfkYMM,5,36949177576587
FnmguM37ximrQQXsJpBjPxem1LSr1CAnaED9JHujAhYW,5,36946366030477
BiF9ZbQht1TgHwWEcrbMQFt37aLEPpNvXWAyd7SuqhpR,5,36945570659529
8bYQFFFRK8utNNSwZJwo291WwhNfev33yirj6qwZjF3t,5,36944388561533
7LuMjj1j7KjGXBi3TwnNGnXnENK5rjMuLxpcRPVqjsp1,5,36938050220225
92RWsU6jb7GfUs34G8xs7QLWda5MTs1ARDEh3LzkXiih,5,36935115378221
Xrh9LuJJSNWfN686vGbj7kYT9gvrchufFo64KHNqxA8,5,36921408575215
D35AyoGVA3GsQLgFs3opXBEuvW6EdNuYGSfEDxpsDojU,5,36918002455011
H68e2XUdXK3j8ibFv61VymvHn6AEhHPHLZSmbbQnZp1M,5,36916225636560
Ee8dX3qtwrDRnxYK6NGQfmMeKT3Qpp2QZHpxiAiw23W9,0,36908406992345
ASryt5BzW7qsYW22xT6V5Bum49J2mEzucLc9bYoWFZMp,5,36906474897687
H4qEuH77udFPZQnJnsK1g9bydLXCJoVPcXGkTcNh3eKF,5,36899216705578
51cbXxXHtwQ5WCSVkmjBrUcbZQUJjCWxvXP4mmoJiJGA,0,36898876208499
5LpsYxnc9m9E3ZZDa9EiqHqr3VcJW418kmMK4N7JHSL8,5,36891477951468
BRyrzHyP1YBfY8CZ4rSsafnf5G6nUrgywHd2ztMRW9Gk,0,36886075599251
7XCbYkANgiqgCoevBmJMAwYqD4iuKzNEJjd2XtF5QExp,5,36867364042837
BDJiPdixR1QR3KZJgUCsE3UoNMYbWLLVbuVhb1biiRyg,5,36866922415075
By8MseMKtZQQaQjMHJiyetmc5AC8RZZv8C2ss33ktrHt,5,36865593212899
D7a59Yada8zeBwngcP8aikfSkrGVWWDpSWuW11HZqsDC,5,36860793484130
6ZcQyv7C4uyTiACE78t1aSFTXuwanyjY787LjpYeFVjs,5,36857348535161
3CKKAoVi94EnfX8QcVxEmk8CAvZTc6nAYzXp1WkSUofX,5,36855600933741
7NU7hg2LyMeu7yE1zWGoCf5EU2LzFeeVaGKG4QnQko4U,5,36855283057333
2v33XxkpvtCvewnfnejWbqENa5wZA1kojMcr6jXTZjuh,5,36851278259836
H5EhFXGKY29BNcDbz2k2pcBeRiFXXGLQ9exHmirfRuFn,5,36848989563923
4UwqrkGpterTBEvREHWNcM2vvHvpqYvViPLVZo8673Xi,5,36845594408150
By3w6sE4eWncs2s1SW8hoHL8eSFZdD4S9sMSVPwrf9Wn,5,36845587663579
5Regk6KStwEfFUMs5hLixNwBtC476Ww7ag5MxrimzbrA,5,36839264934085
2dR71LgjkefxKSYmPGrbHVb6rzYgkVii34rbYKJuDcn2,5,36838008840510
8Ua6QwcSJmYb3w4Mvxf67Fqw3gK88SrbWnxR3NZ9mjyn,5,36833483120817
HrM8x5Xn6ugoHqfLc7MCr8K7D34Z3NBc1TcuohCJ2ksz,5,36829594644709
AT87gxXLzzzsW8oEhmcBPwYnDAstVctQkZNfuHLQn4hW,5,36829381179629
9oGWd4zHcRjrXpoPccu9UsnUEEva9bkcT8qZuH4ZKVAc,5,36828142159187
EDzSBtJ7QPKzJGw1LaPcJL2pJLcHpimBLGg2dHB9VQKA,5,36823277220834
2tKR4mX7LzhjfdNsR6HfBaDDh2RM3wdpUrJqUU42aJTc,5,36817309200399
BJafMGt4t8A9BENBg9EcXEAqUSgBLaQZujQqvrsGMgtL,5,36806457566092
8Go6mzV5m1SdLcxHTxCyLpQrAr7CgyDdWt4FRH6SCLHi,5,36804142748330
4rXLQVw4iYJeuveo3nVHs2pUPcBjRjevyCwrWRT2qavv,5,36803035187732
ECNnK4VjcKTsABiw8FAp3JCE6tCmYyrEJthYVyMazmxi,0,36795718835442
FB2Wa9wJgT8WnZqbUAdPVvoqSwzofboZepRWWoH4UAgv,5,36792140400221
5d385bnt7MQUfDmGaps74MJt7WddpsgKCo6aQZMtnGNP,5,36791937243731
2wncJF4QCGJThRLZvTmnQqiDNtkpV6JQ4sw3rwrtiZRA,5,36787332874252
2VpzB3eUagT9pGGzv7PuieRmTDugdYRiM8ArrDWB6jex,5,36775991618921
HwaKxcFVuVXnqNwN5FyZ8uLy3qAX1Tctpjgk8rexzi8C,5,36775331591576
6w4wp5LeLtTtroqBvY9mmPoYhi34LZEUJUHH4PuyBEak,5,36767713171862
9Z2TswRKvvS1d8YZVdgnJAZyqwwVUhk3QLp74J8pEmXs,5,36758066590616
Bonevk5i19xjhv6Bp77zZLD8JP7u2bEpMfD9P7yGCeyj,0,36755396277955
2vTeoSz2wvZfrzigJr6yswdRZnDeM3VHC2gvvmHwTnoB,5,36746261415435
8iiLHGgCq66zEgcLJqQypJSKRMbXGYsNF7pwH3UdNskU,5,36737335204499
77xRWv8Z3kaQpD9K3Den7YWJ7sxsf1KTnw5MdcM7Gtnw,5,36735325392213
6XjxbDk9epumcbnsq35NVGytzb5b9aHPodWpNnfUKaC5,5,36734940693376
9J2PT4gSpxc3pWbnKH5shvXTazcwVpA5XbnF6yAfuFG4,5,36733242644700
s1MAYtdZtvxmAjk4yXVYgMuzB3Jww4wcYZ6qiUq9Joi,5,36730799160103
ABoQemRyVhz3zvzP2C5nUmFfezkqn5KGzKoeMhk6zYzh,5,36727074119808
9oJDQSVw9z7Hb6NGQvoYbvqEGgdyzt5SzX73uKRCupVr,5,36726276240610
EyhATWGrsfmfRZtUpCDiyW8vH7CfkT5gy15RtvNPmqby,7,36725666587072
8RXYL85eGMyuUcBCMHt5owGvasySS4FYbmKTx4CqFkpe,5,36725576747218
jdrRFCgQD86iEZQqH29DsCRr3LBja3WbspbiHBgdm7F,5,36725026997164
Fx8ATrRvjMnmUCjjDaUFcyjhbLVPzZJicj32bDcraqBz,5,36724852103571
BSNJGveGPVYzdt2bhTh3YfqbzWPH5Sq38zT1Br88Pn1N,5,36724133634827
49rQADJBCgYXA8sBkBthx3GFLxbtxQXhX4Z752VF6ffi,5,36723653531930
9CJKNW77HfjZf2jrUpdecDub6a5cb1MtVFv7hrXAeVwb,5,36723636887024
451X5rboJpJtXK2gj4dLsXv8yCGfujqus2HsYjMkkSpE,5,36723629789326
J2obR2DK7gnd6H88HjKzEYuMyboDWRNpbzwmGSh31nnu,5,36723620111145
7iKjbCABbngiEWbNtckZMNWf32VVeF88NhfUrWUz7GHv,5,36721535757438
4ZeGdzfAb8FyyocXDVunniemtuGyPjY43M6pjMQEd2Y8,5,36721494116020
FJDmjm2bkR49AxtBvABQphrYwjdjB54BP4XCW7ht4E4M,5,36721197586999
6FDEF7cnXHgSz2zLqaNYhCJa8sgcPmzUvKsPVACzk9uf,5,36720751350965
41iM1ZT5WYS8HgweopShefLJRfDD3jbB1MMJZiuEemvE,5,36720382705780
6K2KMQF6LUYB8XEgqUpWLBrKdBPweWn1EWTTuZxaLghZ,5,36720204048675
B3uXszjkQfWAhs5eBSPvoapddJGuBN32ncNFi7CMjmYD,5,36719269064008
7b7VuKUv1NCDhbdvufkTKCV5kpzyc5yH4A7YKMUjykX2,5,36718807552009
CZqQqmFZYoyWX1NiDNpbLFQUUiH2gmUweFtRV1vVifc8,5,36717897496615
3WFvZucjXgtpPQNZQxgET3sHAPrEwbnXTpqGjVzcV1Gg,5,36717685305425
JDBk7ADMifX7iEAQtUW41WUsPYvrC75sJm9GCYNqnw7a,5,36717408270372
DCgEjpXK3CeHQQdiCtPdFJggzay2Ue3M7MzTW4Hn5sJi,5,36716558045001
AB821LfpFBwedJEfoNFZRsiPvcSxXPBNMgjyGC7RuNfS,5,36716195346721
siriXy5CcarNiz4XL8ssBQGiy2PwReVLny3Bcxq6Ymb,5,36715780042056
HawKru8biWFAvyjvqHagCjmjX1ycb8htoGeC8YYMyZc7,5,36715611214453
FYWeJ3uyJRHPUYj84ebhPAa7ZTeq9WU8LHQaKAgDcF74,5,36713496922299
GXbz6pX6TKWv3XhQYpjJt2hg9Jjo1wZ2r7coV7AeK42f,5,36713048012336
EohESr4xHG2tmzL76oaL6NAW7ayA89rX8Le2t5vMoNPR,5,36712418097123
HwDqYfPnp956giyXf1kGFHkUdj6Uu7UyoPSNn1Ku2j5F,0,36712397781936
4KJdJNjmVk2gr5ZDK4ss8xF7nxKR95Qs8TRqQenCXczA,5,36711956783175
DwVrdrJNTRYbgEKyHUUyAoR9t5MfSYkeGXM6UySRQBCi,5,36711508345091
J1xEijrZvidXX8eF9gnHprucjeMAASZ2tYkY1GXF91Tq,5,36711502645726
6NmKxzGAdJ9ttewC8hwJEFaJdn4GScjpqimaL5BnbWgx,5,36711166693053
CTVerjk67TbCeFwAcP8hsMYNqnvDbg9QkdLhXH7csZX7,5,36709834288765
CvnvV1A7bkK6Dp4gcAyFdEuAKLvqWtmLp5V23MUnk62a,5,36709417825489
3XYpu62U669RoyiPwYykJfJZdkuo2dF3X6p4BBMFD7JH,5,36709275889686
7yUBtfjFbxF669rf5p5fFFpNv6TbX9Z7UJkaUs2UxiPj,5,36709181469725
AJKjJQXNPYe7ZUfpPMfsKkav7f76cjnhuyMcRr36qpWr,5,36709130231099
BbUTmY3saxeJJze2Vc1ueqEpV8Btj24wKpFbZ1r4XzXr,5,36709129842934
C7cGvcNECbMXWEL2moJ9xLHsWheEbwKi9ZUrNdAkBE2n,5,36708719716127
C1mJ4tyS6GvabWk9GGqnWijnhSPzrSDtu8X3jhPZbpp,5,36708071729804
DjrYZ1dwyhSN5u2A346piLvCVQwbpJ7iui7YCDDCftPi,5,36707937080621
D4ujBcx3Wwc6rHhx1DFdTZL7vfDJDE6Y2BvRfE8HovBF,5,36707681656935
4JTfCRjd6SzZdoKqdvStHvaKHBYCe9iENAnG4iDTrGW2,5,36707455192819
EY9dfKzLHCetix2ir7tmSMhkYrPfWSUYKn8XPKzgvdgK,5,36706932280828
44ZDKo96gQR1h2afAA3oXgutUzHcRXH72RYxhtGxzWYk,5,36706310999135
CgX2X6x4kDpxbmAdAPPFFCs7X26b9V8i7hpeYTRHq2hS,5,36706280180171
AbYTBTXdZwvG4Efdu2LR2fd8hfXEzZgfgLL67p632tCi,5,36706070555979
6xFDLX751L7H9d5fQT9sf2SM5RWWE9LDgqz25pPDbWoJ,5,36706058664958
AdE9b2Gd8q58Lve5veN8vvu9YdR8mer5nN1u2oW63Gxy,5,36705439393385
Ff6qhvRxVTkFRmk9aAL5vuDLgN13dPTSc6Y5ztNLFYaR,5,36705386603205
GPHrLJNBeFDkHEChoN6CyHFLroen7jVU3HBmJQXvqGQa,5,36705317516590
CDGnuRy1sg55dCxJWJ3VSUrrriwaokVTNHaPLKBaABLV,5,36705202035150
AqWyFBjkRQ4ipHWaJb3zirSb7rHdrbw8N7KqiL5tx12z,5,36705132652298
AhyLPwqeE8zg7fyFjuufH8k7Kq4kNS2eARRq5EKNGRcT,5,36705100162359
ESNarF7DFmuWEfw8sd2A9uzjWxGuaF3BU8GBiszW9pft,5,36704091646377
6raveA75oXyPeEckX6u8iCFi34EByvrKLPgLC2Hobgrn,5,36704001732180
7cvpkJPcvNX1DpkyYzP9vtKrLUr9xEjb8AxcBT56bnjS,5,36703945349306
3Mu44NfrRVMaruMfp4cDFphbyqw4emcPEXasJvy65Nes,5,36703909220505
3Q8GcTR6gUpFjSwjRuN6Bqy73xuJQHPKceuoDq8v18DC,5,36703396303176
HpszAuiaoGoZXfvuZds3gtVQ2ywV76eREHBGyyQovMhy,5,36701417556316
SoLiDDAQBEK1LK8apZcZqY7FunqeqDY6nYXMabQZvPB,5,36701354283061
G35uLP74uj4eCSfMs17ePKtK1ThuH8JKebAP1T2y6CYw,5,36701345082582
FFCXUpP3sSBBvXu4t6uoezRWfBBMxNf3juYJa4besVUs,5,36700125832138
D65WGLNrFZ5mBGZuL72rxqeHWP58yhXneFPUGz5mJ4ox,5,36700043688417
EGEWM1gcMKcZzgtwxzRP9qrKsRQ9WMNmJA7Q6CjY8sVC,5,36699745411171
3QduBTMSMRAPbRhSmoEYQYPC85HiLmAtjCt2y15Bqw4E,5,36699628943888
HMWXfjaeSHhww1wvdBhqhHVP9v96mFB4LJ9xP2MXbDGH,0,36699496057598
4vXCtYfPeracuQg3a67Zx4jvtJco6MU3LKip8ax6GkVq,5,36698890943003
GCQ4V2e6PPdgHM1mXgepHZvdRkWAxbiFUUpJC5Bpcncd,5,36698242362750
BMJE6zFwTXwPopVdG1ccYMLWWGd5aNPvm5offrqHUxXV,5,36698108488273
HVuEL3oBEDyctoFwmefgM2Dm1Rx5Yj8CZgvJPG9nUktk,5,36697963562763
Hk18BQcmgSasjMGhNc6X5QDGx2VjQTVMdCciU2nXAL5R,5,36697945384947
3Ws2kxmhUKMV32fSV1FZH6PurvoEFNx2xXZbzcdirtbe,5,36696855648234
TJxW8fs18KgZp1G4ghMkR5GsxdiKMbgpan4weFThaQ5,5,36696629888621
EVvkB3QgKsHZ2Tj9GTnQ8mQZJUFmRTkH31g9KEmQ8A62,5,36696360100900
7ERj2iyVMkFZuvvw4mBWpoHLmRyXE3qGanNMMxjHS2rS,5,36696148552278
7MuF8X6oRnNDw2q2D66MYDfJ4mEPk4ifiAv9s21duwax,5,36695945759250
DTvHtb9Y9H9xdwcwpmmAsRcfqgx3RV8BSDFYScLpgqT6,5,36695411343908
GVeC7F7HPGb5ai9LxvD8vYckfwiHDCSULPfFDDgKMEfX,5,36695063283589
7P5GvWEpPWjJaVbogDkpR4KhTLAoX7WB8vcSdFSPZnHT,5,36694985931803
Ag6jpXVMAFanMMzSfeKR1sKyrRbUkYZuMSBaAbjcAE8M,5,36694844290842
ADSwEkycEaUavU7f9YEM3GLMnqsSHky7wBSrZmz9dnkX,5,36694375813777
7G4RfctwLLgqG4ZWfCirU8dfJd87mKQWgB4EHQRv8i7v,5,36693661002146
BEx3ZzH9cswWcJr3BcKg37rRURHmZPW98XY3RkXDprN4,5,36693374350551
HgrgNPfY8DsPxxPdmjxNTFXZpgiknZvPMXv9ipbZbbVM,5,36693210283743
8buJst58M53hS9Zq5Gdrx83WV6FxP9SYC6q7twwGRTuu,5,36692857961893
CgEKzNGbUAvFDGmMLSrqgumjEofTb1GNodzJUujG8DB5,5,36692841517647
24xpPUt82of7pcmy3qDvRQjCfaj7DaEiM3D4UDEYr3y4,5,36692776950457
B7yZkjiWsAEPtab7YuGMkD6A3co8J8yp76utF2uMECMA,5,36692757881690
GqHhyk2qVfcd6epF3dft9kZVR32z4edtZyjkp2BvFXUt,5,36692747724873
4sSo8aDVcZpiVXHZoksDTFzXHNk9yJRRzjDuvza8wHBG,5,36692218425106
BwG1C3hDdNq2rTDHvcMFwuokefdQvUQUXRQgwjJL86XM,5,36692188821098
2nHwBDwqtQNTbCUwhttsBUHnQw5QJwuDNGvynNtHaEx4,5,36692125260440
CoGag5j1bx21KY2s5fyym96UTDV3GouoLz24g1ZXMh6q,5,36692058370702
4NJni8eC5AS8u18pyUHwmVcqb7mLF7DbRTvBopVj8Ptu,5,36692039295843
DaHuNTwBvgAFcJsp2KVfNRnwMuATaRvBnuKFjaqVi12J,5,36691794819415
Garx8JMpBAhJhLyci6KySLbqCFCHLuxUNqDXs96Xgw2b,5,36691737490435
FUiUtbEoUVbtghgftxJwQackskGkW7MPbLFMQzHzsfb2,5,36691640726364
8TmL4ympgFZJb5xeeEDcT82UAkZRBmZY72qzTMXJR29D,5,36691498517150
6AJXcQ1HTNuwMdsSJC2cJ3RU4SY1P8PARS6iNfw9vk1V,5,36691478381275
5JQ3zhHqFdxSLTAturANGsH9aPejugD7L9Zd1AG644VU,5,36691418915210
7zrq7V8TkL8yw8buzEqnpZXH25jgQjLERNgQJPSaS7km,5,36691358845797
dXtzi9ZfaenFmwDDCshVa8MKEejuQUTRC8bTW7vrYBq,5,36691307697803
HUX9ouTwpNGCqN9hEgzv1KkvQyJjb6pCuyYw5WCifWzM,5,36690913182581
BTHhx7ckenRvXmL9sd34UQiNRU3txCYDma5ASfA8sfN5,5,36690766987715
HwdfNWCqP2vXRvaHqQhoVUM2uPndaY8DDJzzBxCoPNHU,5,36690746167113
GX6kCVtpvFTGsedV72nK5K6VzY1bTCvqFmrtHkuZHGsX,5,36690585263138
DfnVD7TYqsEAYDto2NyYYXMwAowoFYmJNyxJ9bAWuKgQ,5,36690543173889
Gumx21GXCW5nPhMfhHw3Rd8uW8LkcBw56pw6YEpXcTbb,5,36690387149205
EAW9vxqogvdPNapq7QTDpiVTHK6o7begUhPVnf854VTc,5,36689996533217
C64HQzVeuUakYPTFAbKsrhmzSiQYJDKtE8B3A1bDGrqG,5,36689688300542
9NbubKiVBGWou2syzik9kBSjCtVY1KYm1HTcUZwfKuag,5,36689431100681
cvCspZCYMsymAqK3FEVL7iVq3zxa6KnkAYPCugA7PXa,5,36689424928167
6p5sKuoNsipkg4TZdtHefFYWBDiMLKeLfQQjp24ztu2d,5,36689204628629
CcLocgmBiGiFGL9S85dG1Q8BY3vSXVJ76nJKYfdAj3Ud,5,36689202503673
8M2DJQmd7Gka44WQC5Y59qjvfJxzRaekpuy5zXfekG1G,5,36688291596012
5rNErxSxMj3WysMx8bC8vHkbrt9QmwMeG9H6aTp71485,5,36688209674390
JDNEkqjDDDMHb6qF8toRdg5geXkMXp4mD9hA42qn9zVh,5,36688201056653
ALExMyZvVZQmVbKJSVDufcHCkxxA5byPBZcrAiJa6ctE,5,36688083654001
85yWeD3e2iKHKse2zGcXTj6fcJ7gQ4NwYZDT3au9d7ai,5,36685921090212
FZg9duNJfiSDCPnbphbcKrucFRiLNpjDsdZMAa8HjPtx,5,36685793016659
2dza8h6n4PkVL5xpYtbVbYJ2PXqQzFFpb7YFP4jeG9fH,5,36685644272335
3vy1pGehGjcvQDwccTDNSXHzfCoi6szdR11jcAdJ1rMq,5,36685373498248
7tUdS2aVLhsGJR8JVbkvCUi8qQUjZSj1Bqqu73LCoJQn,5,36685287215484
6dPJKnvJK5Vyxwo7KRGYZexqc8deHfWxFPUitHQWki1o,5,36685185667116
5MFYZ1NtSDLoQ9T2qfXwuaTVfNtpuNuMxkDH19gQ9KcU,5,36685064047618
7rJbC48rxYNb8ieLg8e9v2Jjm6vwMNTZra4hSnFChGuY,5,36683966753400
8tYSjYcvK22bG4DQvcBzvbsHzCQB7JCuijwbQmkBGKys,5,36683876513033
3YRyKjnFsQe7rNLd4kUBQbBjqxypbb1Cf8cDXdbBccXf,5,36683565593422
DPPs7JQC9gbzUnRJTXUanmQDeMEonqsy4WrC7qPjDXsg,5,36683407263683
4n2or6zoFFSJnzihG8NEHsqHQ7W39SVDs5gYeijc8u5d,5,36683356969249
88K3vd8E7f2jXBwfNspzAYXKZuS7erF1w2wk3qcHTSfh,5,36682953839392
4Yr8jy3Gcwz3pkbsoiJmmHvytxenRoTawoVbr69knj1C,5,36682922131756
BLhx1pi4rCLZY2qTqLmUAueLXzPzprhaiarysxLbFwVa,5,36682770431868
CBHHTRa6YtuUbNA1v6b18cAXExtbBEDRFshJiEJYjWzC,5,36682717321222
GbEV1RH2cGDWLXXUEFJ8ryP3B1guHjkQ5LPkhes8BsME,5,36682221088441
3yVYQsesS7eUEnpvyBS9FmZzFz1YNauM6Mg3M1oBbDC9,5,36682078234919
32jCuWyy4aJjyv4gd4DSGBHmFU5KUSSfqbmPb9GpMin6,5,36681514321498
zeiUD366nfvMkbMn78QzyhWs927JASUb8ftaCNEyjCH,5,36681253804565
AKxFRpeHmr21qXqqa3czFoJ5apkc6JxhJeohmzyE5C58,5,36681222235244
HYLS8q5k3S5qPoUfwTvcUzyLJ6wUsFoi8DtJVryH73KV,7,36680856741555
BtJei4AagS2viyJPYVT8FVhRiDKW5YyusQuqjVbtG3Hs,5,36680664560220
87aa82cCUqVUWza4WvGk4wNTRJ1aZzugUvch74r7gHQd,5,36680302014620
9hNj1a8xDtWsBzDWv8kk3yosBhT7UcohLEuV72ZJ4QZs,5,36680203733233
8Yq98CFAorqAc3CN7XtMVgKLrBc78wsBvjhAbFr4sNQ5,5,36680040286966
EhD9y2TQQjULbzoVzVjiNwP16aKN4UTCK1rcJUKSB5J6,5,36679970369684
8ixYjsBPxmocDKJGb43KGbEkht1nYAB833XxkD2R2MV6,5,36679959750804
2oHzvvTsW5A2pLpyUSiT5P19CCvE81RAtSgWQXu6x9b8,5,36679941863544
GijCqhamYxPnGyVjpwno7gvtE68CtP49wbRLA1QFcVgh,0,36679933626418
9iqwMmPW157gJog4p21kVZBKEyCMB47hadyjYfebNgJh,5,36679564822226
5m6yLY9M4cihCQmVXVK16uMYNAeG2z9qqmgvTAYTMZNq,5,36679456552714
GhbLaU2UufzND9bCTi3hS9iRAvHcGs1JqMhnq8USrKL5,5,36679454359075
AeeZHtYLEVhW6YdCSsu5CDTVfarEprZzbm45NB94K6MT,5,36679448144064
6xryev46buDGaqHWkJKuRGfpFxXmKip14fVy37Qn6Dz8,5,36679444732410
3S4r9TnSYzggnFWeny28vkgZSA4FUF5ducvBxQsKugvj,5,36679417077386
EZqPuc58tHGHH7qnyPWJgh6ddh7PUn3VuwXQrHnStqZ3,5,36679411321984
J5AsxaHfWn6KpEcPRT9EZ9szvEMBQeHRe947UeaMPG3z,5,36678253002927
9Wmaz9VPpEnH67ZqrvYd9bcH66DtsGaEKcSQE1ac5wkf,5,36678222228145
5fSQdv4zsAJNx6RKpGho6sL6rY6a8nziaqcmwaRJB9NE,5,36677598297947
swiftqGF7RFXSgFvTjBE4D7GUd5rUXC2MoJLKYwPjsh,5,36677016065830
5kDUMbzxvNeZmTsfihooJkgnFX71wgP1H8jjeXncRBsu,5,36676351445911
pitMDEaMmWmr7qP8HsNqarPQkd3jhZbLJibhhQnL5RG,5,36675587002483
DP9iBgK9c7tJYb83KhxQMFNc1LXYu7nE7EhWpEzQnjmg,5,36675281487849
3uvCCYvLnxU1QsP3d9NXBLQyrAPiLeKfN6iTUbZdhnNM,5,36674209759890
7DPrbAt1WwwZwFSqE3182UZCJ7f9yevUcpnRFtoNJP2T,5,36671854091711
FVZLnRhj9Gjf77CtDFvh7jNu8avAnduJW5m365HrDLfD,5,36670453648051
taMC6aAXEBNHnUjrBegBfAi1Kvph9bZUVcUoc4GtobS,5,36666704594902
Aho3hF8mqLmadyJdUFpoGidyo3fYAt3ALm2QpAo8wMX,5,36666078267706
ALxZnHDetfXHaTZWB7Xwn2WHpbvNPYz5b4zLRsfFvpUb,5,36665097560069
4RLcStbSkt5S1Xm4mStup6N13PGyAfAWy7Vs5d7yJRnY,5,36660706748222
DtTANarT1CjdoLvF4SyRCHtCE4hAtNJcuCy77vq2y9d4,5,36660450216744
23j3TXtLzh8fA7GkCvTs2qgfe1yYmhEPV8wGCYDkL3Ry,5,36650691287554
BntgMRh6UA6TPdQpkxV4dSogGZoPw5JBjUWdCsYX5Wx5,5,36646472021744
7QGeaLDAhDdrLHZxFb27xL6GMoVGZ5oJTk7ULpgici1M,5,36645774031855
6q4nsn4Jg5X26JzqB5xEz9BL33Aroc1YVsFCRKhm9qdd,5,36645130769365
pGUjdSpmoYcNwY4SVfnMtQxDc6W4eyUjyu3FhArgucg,5,36643703113295
H8FFpNiVPeBR3ZHG5YoULzY3fPj1eRXtXLBuXt5jEJit,5,36642654232117
B5YQWFwLbEJzoXjujsaEYhGdpcpoAzz7cvqpXvr6rpSB,7,36639165928981
CZ2xJQHwiojrAgrR2BUNheuWxXGjSVSZrkcxFcAGoSUH,5,36638553418370
hN6om5PAp87yuy5UcVbwn5fXhWF3pEJcarFGXe4c6XQ,5,36637785378808
6z4oJZhpJjcTTCX8QtiWCuWyEQo5n69J6KbbzvQJSNB1,5,36630766975141
7XoQn2CHHpCjc7owZozCysu5NJGUj8AX7A5hoKRxMzGW,5,36630591813863
7JCgnNDTewhSAx8jX813kLgPLKrd5oXvAB3CeJ2xf7o2,5,36629923930071
FLWc77X8dKh5RdJe5xMFxry8kvSVUbo9G4MQ8hCAg5ve,5,36601619236847
5Mu8kLG6kNPN8Eooc4A7a9PHeuqutTM5hQZtfB72Gsmb,5,36601305053447
Gf4rQifKzAHznUdtbFumy1MTwGX5ApgwnkxUUvEaEzWC,5,36600740041637
CpgSfd6QUoBw1267rTtJoZhELqC5q7isKLojBifSbNEE,3,36596668638289
6ii4ZAStxQtixJ18eryQxdBLKYyesPJZjGFqSLuHRBbL,5,36590281046738
DhKrFYrbiNJSJbVN242Bmi8izphkX6M68mf5R7A2vHgp,5,36584662198797
7Lp6sJYnJL2p33oPshdfAx5FSvYDFYRpng2gHJDTEQeN,5,36582243496635
9vE5CDEtr7GHQfZ7aRBJmMbTJZqCFGjkdZarYL1AYeGu,5,36568743653798
J87afqF2bDQQLTQpks4SdF7hXPr96SPTdJ28UJXXWr9N,5,36564132683190
EtoMApqP2h1vVm9XLTTp5HERNezm5btkqrdAGQ9fZRnp,5,36551498673591
9cSXriJFExY4a9c4xHWYfoGnFSie1PkHEtE9pNkzHazE,5,36542080790241
9kTTMvxVjE5Doyr9QeFzrx7ccK3B6nmFQZtn61JFe4uD,5,36467541460837
GjLM4KzHZq1KLDStTEhTwdjypeAbb3Cj3QgadepkUtck,5,36433511288880
7hnfZ7rGtfCbFdc2rbx7UFph2gtXDq9PrjnctZeXfZiA,0,36232027417922
2xKovmftuWNTwCWGtw2Cc6aZovgMZyKaoKK68n1ZLmww,5,36220675352385
GnZB2GTH8KJKqU3L4tR42a7BnKXxvgS9rerGMAszNCp,5,36210334590053
HJJH3tokNTy4FwEg2vABnbyUt3s51kyfL3pH26zTZqhp,5,36181882702062
G7TVjCCKeJogKngR7NwBJZhs1ipky3oP4stS9rEtHTMz,5,36167461218627
GvihePhu26EfKNsR8BPNthQE5Le9AGDVUoT1Co4EZvpD,5,36161088517042
9CqDvvGvSNVZDo5RskCAv4fTubpFCs9RLTrjUxEYrvNA,5,36160389501038
Ez4heEN9SzxrjgYA7wBWK8FwxAuYXnmwALADGfpB32E6,5,36142109183492
HKjEo1L2wwiJg5bE7mQQq14t98mRSfbQfrCWTYceScP8,5,36097699372794
2vRvja1nwPE8AFscyYXH5rhYqjbZGMMgTc3D2NgECYus,5,36087445170629
4e2KvSCgot2RGXsExfY48NdfykQSjgozV5FAXv13bUn1,6,36082184499919
C3xu46TDJbtWeL6hZkJD4ShgCx281WP5qgYgkFpHrJoo,0,36078244413355
HcZvwZ83PfjrQDiq3GLHxisTs17aGURs6bJ2LwtmL4qv,5,36076274623895
8tw4e29txix1jX4vq4oBL9oEL675XzSsGAKYm1UG81s1,0,35854714580707
stacheBmGG5zMKuetUevAbc4m4dLbve1VPcpSur3voH,5,35825681439798
GMag1aGPi4Qi7FYNYi9HnAaktSRiWvZ6At3UWruuhEcL,5,35731932681542
2x3pmdwex3s71i8c4VvnHCnYTwXtqPU1LgdX5BLDtN9L,5,35724453895534
3W3NxpDqirkLbdm76zPV9giJycwFF9K18f6YgwHpma8P,5,35716973642737
4oWaEHupmBjCV3rQonaWp36QEK4JUbUrvihJ3X3LoFZS,5,35645728210831
eyeYaqg9e2L6xw7YwsSLm27eWJfhLNAm6ETQm8TXNoK,5,34916660760455
ECeaWy82CxpeJQr3EG3XNmYXc9NrVeWDH5ag9Lt6TPVR,0,34748606411163
BM3HeTqJyYnZ8cnTFFFZUe79FzixzUL4hZNCdcQYg2it,5,33659098387353
A1GgCvSs374GeXguQk1u91sWSLZqGVUsfJ4B4KrKjEhp,0,33306790639850
6hpMTcU76pCkSZHG1qdfw8ZrM9rFwFCpmKZWqBc5VXr3,7,31065434394632
Love31pnbDJNVzZZVbtV4h2ftvTPVcBpXW11BSTCa6s,5,30113283776269
6ajJvpm8gdqKyVhaYJ44geWi1CR64qKJYdLPwsdCBtBk,90,28980838362271
BWungpcnz1j9CFuxk1oXtLZ42WgnRpGmYxS9ZVaoQ3hJ,5,28741411475777
4YGgmwyqztpJeAi3pzHQ4Gf9cWrMHCjZaWeWoCK6zz6X,5,28505237658352
2Ce1dmtdnvgDwD1MiZjP9wwGup6j8H7uXGuGMa9uZo5v,7,27478033472598
TahoeMHorTATHYXCsKhG1jp5gVoSp6kKKibET7wEbcX,0,27163038501649
CsqwHrSUAWsWpN5kUcjcv4Nsq5JtgFiDJTckaY1zuXPf,5,26656533019462
3Ng7kTM5vzE3tYa97ENNjWkTj58bf1jsGbuY5AGGXhd5,5,26288826087374
6m8Dbox8xfp4iB1FWonNaLnJWm871QRUCY3UifD571qA,5,26042825386668
A7o83UHeHCXuExxGscdj6bZWs5bW1RhUw847ntbwX7Di,4,25629936351187
2PawEGWYNpMF6a9daRSVbUgWZw3PkLeY5VR31sKu5MYx,5,24989691542244
34Eegy89hWD8HskhX8GzkkrEgdWDAAsTd5ZPKPHs6pBN,5,24935152513427
9yTjjM9c8TnJ7ouVeDvJnXMYfmhhpfVEHhvAnt1SrV3i,5,24709196505633
BV1yZcVM1E1zohx4sxVXU2f1ZeVFniGg2viXiiGLPeLr,5,24678588939948
AXhtto26sYhU2aEvN4mHCZexGXTjK64Yd51f3bEpWtfx,5,24615257388247
AiZSaHVtGpof7Ho4vpfz37PRagkG1hR9ZJWKzoGCXiWv,5,24560266794865
2iXZmNQmmgE5ZeTQ1GMhhYGDqDr2BiqdEu3DbGJDo8MA,5,24558609373833
87sZBKaGtRseDxuSkF7pUCERd3Hs98ESRJVipdscTCXc,5,24551508216896
DwGEK1ZSC5SM9e7Tkts5hLpkUffAsFUcqeLr2zifaXZi,5,24548800572980
2Q3t4UqyZeVZQ5WURvuGVb73x8cwbu5M7jNbb1jEvGsB,5,24545719640450
4Xz17Lsc6miC7UUVcfbrZhBxgjySEowyH6f8QwwVP6xw,0,24029963115677
sirFnPFFHr9b13UcWmKoeVfJfTpS8U1zhEmkn64nmMu,100,23189997434240
9rkJMARqK6VBkcxGfKBAwnA44gPAfGxPbPsfsggFNDSQ,8,22131899483821
BGTCCVF7nmLeGpDWp4xPCieyF242tUHUa8LgVcLBMobw,5,20958495399218
9cS2cDhLmRoUCqkhMjXZs4HC1YYbP5QYweCP3vVqodcb,5,20928986487415
ARRRZPZiJHpJvyiWYVkwtjFL8thVTj2hhUec42XLCUf8,5,20908074153577
EBoKqyT2kCabcHXgpF7ScwrHgGUsR821xkTJsHtP2JJi,5,20797901209067
ETWk442PcDzWbvpnYTwdsvisvYTieakjzyRDxx9pbxBj,5,20794282685232
AYTzhcFH5JcPz71wRz4pV9iJu7cCRchD12q6fpx2fCtM,5,20775947270620
sZAqxCSN5kkVfG2s65Bje4jzCkD2aLyk21qU95PMf2Y,2,20752508319229
4CKFRwj6YzVygMptmFtZgBNNn7zyCsVibM8Aq5pG252v,5,20590093448602
49j9bnkdgVNxLwsZ9h88sPR5MYEmsUyKrrJ6ZW8ijBrb,0,20457188673075
CF4XtqQ4ZzjfWeWF4uBcmFYZ7nUGJZ9GCoyFnhdgbPkB,5,20230022512115
JDktbt24QhX6B8x56hL5zruVuw44qYaox5jN2cSeM99k,5,20082801465001
ADtaKHTsYSmsty3MgLVfTQoMpM7hvFNTd2AxwN3hWRtt,5,19995291216898
8vwn3wRePwXh7ZZExhsVSpzagnhp9nWrGJ4QEe8bXyQN,5,19992014665356
mHtqTQHaUcFjSZF6tGLNLsHLvjVsxXEK8w3BoT9eLAT,5,19880266458628
D6uUDTEgXDf1yzLuQfFFCEKF9a2Ri5trFAWwaUpKB2ji,5,19843251956993
4AB4JAWbsU7RZa6TiDJX1ZUnuYbmdfBgAeKj9a224LEc,5,19842943876936
9aUUBU9AQvgeL8GqSubinJWJxhcXptj3nmvhVEAme4HT,5,19830538153825
LmYB43ohYCTaygofDPF65XF8QcpkUdt6k3ydY2XU2GU,5,19815364919056
4VBdwXogxkmnAhfExinGTdxctoVRECWndqCBSq4Thw9t,5,19808839122534
A23LfQn6khffj2hGhGfXr6P52W2pxrVcCaHVQLYQgiX2,5,19775401754966
6122X5K3mo8QMwXZW6wnP2n1j2wQoa1Ks21Ckwj7L6st,5,19768692820835
DbnMbtAJJeGePLgg1Xy2Bq71amFtLbbVCMdxEywdcSev,5,19767229726733
5tFvFBWUPt94HQuZyMSuHnpcHrjMPLrTg8WBbv9G5VqU,0,18158126009556
LitxAVo3RnYXD2sX1TyRJxfnKy48amXgyGiysPZjZwE,0,17023945897942
vvvvbtDs9HsdsE6NskZMnb1RA6muoud1ChQuiF9QhSM,0,16911154336339
3Kzdcmu6yWE4AEhFdxAoWncLijpwzNB95JThHRXzvf5k,0,16798423746739
FXfNZwnDQxNR3NVHzA3Xpctzey7AUmgz5YvWTHiUActw,0,16053970946372
8U1oTx4EvAgqesgaemAzpwrJsysUHEg8bBQ7Kdbp1W5X,5,15928972922850
mXv18ov8qCiQGs3ieoen981LdgZzYJjJak6reK6fpNC,0,15207257483930
cmshPgUzd5iDkyZxPfUvepRSLtNV47Ks5AGu4KvKqY6,4,15060582888847
9osBexxQzfxvMCLknqB9pYDoLPoM1wqHy2FhCBw68qPQ,5,14644358433063
ACTGYsH7bHbaSP7z9N86oLPHBThAELbGfTboc1VoFeZz,5,14490950047172
ACvL73V4GNnxPVfZ7K89jCrYurLyzpEuE9qirjvh2Xmi,7,13995882718597
HtBxhjG3JrBzfTz42QidvhJiA6uqDXCNqnDYhXT2jYvF,5,13412755473330
DLupiSkASr2wkSLazQodYL3M8v8zvtpoGrJ1nLc9bysK,0,12693228703869
FEtkEYC16YG4ANgohvGUhobZMTSKmNKJc5h8QvpRazrA,0,12349394975516
2abwQG3v2xRemFxRszVHSfnjJNe9zu5X8duKgxjyLeaK,5,12190998796023
GVkVZ5yzu1Ukfng1GPfipg1fG6S9hF4z2Uwcn6T7WWeC,0,12183719584038
9skzpyERtgt8MXN8rXbWvtbHgYARJxsKXKzce6QxDcA9,0,12142240136606
H5UNEGZvmrSyHNDzqDFkyr2WaVAPPMvkgB4PtFxvfcEC,3,11921126999166
1MuaDGhuN7KRqvsupUcYmq9u1YRh1pp38hu1WV2WC6S,0,11881859911251
FnyQioyhhCmMmGofkHXC7xcMCeptNFVp1LS7rCwhQC9d,0,11369442718702
3MVdbyD3niYjAj1uskREY5UsxqNj4nvPHn8fCMahdM71,0,11215379256524
FeWfa18yLXr71jory4QAEWsBHmCLxps8jXwbP2GXPzzJ,0,11187232729187
ChaossRPGKnsVhX1GfPC78yq5Sqju4cMThcAsKZNz5d6,0,10987438842620
UZBmptMjMSQEPKm4WyUkJeAuvZSqTuNK3cQCKFqJcXT,0,10952190032175
5CfFhpErZrKcrDLQtB7R9V66cAvQkcc6NmMPeA12vDgS,0,10325075112455
DiFeTctQSaNczJNmZ5121kYqLaBe9wDpM9sjCzTELJLE,7,10263324065593
DNVZMSqeRH18Xa4MCTrb1MndNf3Npg4MEwqswo23eWkf,10,10005609953199
F8Db4M7hZRQRjedfMcY7Vu6dMJ8drSQxHC8Rrn7DJq6A,0,9941844648454
AHCGTSrztg5PqxDN1pi59YQbJE4wMHyBrsZ9P6DrTui3,0,9719701140340
Monw2QtDNSdUdsKqCvY7yKekGuHUPNmrQ4UUQAqJAjA,0,9561022391732
AYY1TCe347UZ7zueBmF4MyoFkeEZquRUNVBNoUZiRoew,0,9211184757348
87fX6AAJywaQfgMpD9Gkwxpt1e129kKZxBdRG1SQA43m,5,8867625167683
BNt8eejYaSaFzFkZy51yJXhrzRg5wQKpfmxCAP5UYTDk,100,7865327681484
9Mo3ap3jpuqQpLi75EsiXLWfTr1cbBhrJNumoq1wnVp6,5,7458271524716
FLVgaCPvSGFguumN9ao188izB4K4rxSWzkHneQMtkwQJ,0,7428218538622
4g35jkHbk91mhMZLe7VVhi2E7eJHYzFq8uWjGJ4qQ16z,0,7322187948647
FAKUpR8McSoHT1sTksfJu3L1SpRtHK91ocDYtop4A7HW,0,7194947230102
2zAbHUpE4MRgEwq1MWh3i9aJyzazSjUUPrmhNViqQn5W,5,7024724757701
8vpYjdyCm7dDtQ1Wx4y1yJSmDfEMeUNifdXnNUozJ2Ja,0,6991442294824
5yEnvhM4Ld3UZs2n173J2iR369E1ddcbQYeLSZxk4cYj,100,6949351950187
BqrghcEtguLQpy8Pzf6FUuDyPxD4sbs7CzggfJ3PiGAp,7,6532604230086
CaveyttUBTKttncu1e4RF814XjuoGfYv8cEsiKGDNCPX,0,6423447797111
4FozAhZhAo8ZTuzNHeAHMDDLqWmRwioWBhFqybZYHamV,5,5982135388304
TRUMPdBAv1xG1BeuiYMbeqCzySBVpkPtw2bfL8x2GJA,0,5596497639065
7mF8NZJdREuM1uwYcvKffuY9QJBEoHhNp4hZ4NS2fuXW,3,5533159912617
FrDTMsbhEQgBrZaZJaZkDXAkrpvBny1dYTYZByx6J1Xo,100,5464520277213
cHinUpMekg5GDr7w53B6Cb7M6SdK7uMojbpQg6QCc11,0,5439583987845
zeroT6PTAEjipvZuACTh1mbGCqTHgA6i1ped9DcuidX,5,5240979518729
iaMEtJ38Joo3QktouBknmCEu3YHNMqGGoAHzuRhV4oV,0,5146369061927
8GUC8BJLJcRuUxBLnavuzzhu2aDpqkZZT73HSAM3dDed,0,4536810033033
3fcseHzv8n7s2cnqs211zDnX6hsTztzeFuesFcTgv2WR,100,4504554199264
2XTfaBNteEo1nrDhqmkiBGQ863cxgDdEuZ1iGvCunXiv,7,4284403226406
9fa5wcqnAQqHyn58U1vHHLuZW5GXLcoho7hKT17jGJfZ,6,4180382634505
EBk678aQvc3cUkfGyoehfw21JQfJXjmWuBeopYc89RSV,0,4138014352481
99ht3D5QcWuZKSVJqCycdB4fmF4Da8vzropvd1Sbr2UL,100,4000999717120
FLAT3fBhQxrSPyT1zvyf58uQGARiGtnoN3VW8R7i38kC,0,3987715382385
LUM3Nz4NnP3QVKiTUrZi4T1wnCAwkN1oo52WUNyxuwW,0,3848991569945
AWZhUiQjrjtxL8MEMWsCFbMausFQKkdTnDsFW2i411hN,4,3789317865963
CUPryNhYfF8ChYyz3tahM84ppX5WSpvRxWqP7PEHMX36,0,3715397461337
9At1zZEmGvuHHjDCh2mzfu7EKfn58xgJ4QKKoN9H43dq,100,3656569889412
Picanmgae1ZFueTPZLwLzPRhNG4Y7H1yQtrqxCqUZLe,0,3622189221121
3CSTv2qSP2wHfVojHhR4xbgCGfRerzFTTSpGyDp3UjKi,0,3371847811454
JCmdhNCyzypryaQUGLGxbCM366dScTD4tVy5ooSWyaBZ,100,3343860899616
FxhKTay63tcYR8WuXwRvWJCmAV239fXizqRXNMMMqhjB,0,3251426395304
CHaH4FPhSKqH59E77R3GkpUGnHeLfXnT5wFCpLNw6JWH,5,3189475700601
sotEf7Y5db7uEviYW4x4Xe3ZE3RE3H9mGyajMBozGun,100,2918073627379
DVkqm5ufZAQFtvXocMBtVux2P56tM4FmVoyemWXiBWTe,0,2830885504949
Lake8NXDThihebhxS3Js7mFnj9fthmus93zEdsFNrsL,0,2739119555823
7CaK6u9GTYG1ssMLtvE3Mestk58LAaPeNT3WRQ6fWdHN,0,2594779497893
4SsMncJdtKiUcDtukkX15mqei7WiuQ9yvRtQrQW4reWC,0,2350028143378
98HVF8czqLRsjhskZoufbqymTNsPYuni5nuVSRC6EFpq,0,2258232643235
27CnXybL6bvwgw869z2JmA6WtGypryEVJRYX2Wg3WM4F,0,2176241622180
23gthKBu5JkLwZJZuSuCfD2BwNnPJurmmxS3PcoivsUf,0,2027244531943
968z8KLFDmPCwDs7pqLuE5yAZ8xTt1tfD8YSN4vdELSJ,0,2005049528532
DXPEUPFQjHGQdwhKqeLsFa4tdqeRyvfrKNSccWjcnFUu,0,1929178490912
4wHiE1xxqbHmdPTwPqJVWnGESsMPpnGNQxMDC3DB3RtM,5,1923446881544
DpBNTa3rMVHhnFZ2UH58ifqNiDQvEXLgJam3Urun2N86,5,1896148677786
8YfW1hTVEdNWwYYEGz4xG55mNAoZPBMR7a3XQbCx7utB,7,1691058535388
BCed1vFJbNXWgycFoTgawYC4XW9HiUM1jJnApsCzBYZd,5,1557061863094
5YuCLSG12wCj3H4WaEur19RnLHtkCFXQWMAjxPuYBxXN,0,1542576037561
DBfh9QUCZde2U6buTbNhxSEnaqPV9Z2cfmjsBJu9qrLw,0,1363240177514
pJduweEK65mUmPGCbzvpPgEkLFoUUxntsis5q9bXiAf,0,1340856384216
BoLHQL12jP96GP8pt5okyTDRh15k4N8AqXEcNG9ypnqK,5,1298520980407
6nerog1kvx6GYjMYeggYGDWJoE16oDjfwahPUQZ96Kbf,0,1238708385129
sHUrAamtnTSkEzA5WLvvXqNnXjFuof7J9rd3dsi9Ttj,0,1232445511155
6RZshDYBGToKCniDjckyF3cR4NpuEVqZWwTcPZ54gELr,2,1221789982346
HNcSu8SVg4fuRyM3XV255totbTe6NPGhPSApzxn4V5Jx,5,1198187345540
CCaCbU2m4QKxe2hdEW9cGm1rM5q5fD6yeqV4xFK8ES4L,7,1167965094090
2GBLVthcSdvbG4aafTBjmXm4tDYXW5q33gHDuPCWoVHy,0,1149436479342
FHk7zHDzNUdY1nEAPV9Lqwpb2toayY2zcVTvqhyQJGdN,0,1142863900934
wiFDeRHa4zcPvrZzdrnBEYCWAjMTjnV2vBgQeCpWSa9,0,1136129573626
iggyroq4YSBgSfmruSxuz3uj7dZvnsFXyZFXYcYy3FR,0,1134964217906
GTvgGVZo78Gtx5CgoKRFNEiD3tLmEPXMHvVnZ3qXSsmx,5,1126521488393
3crXzLp31ZBmBaVtqqsyguv1QwrmTQeH544hmSmuX6UH,0,1102405551502
FrCVQajRtwCR5vaFbUVGzcvhJrdVriWPrJPQLz8AE7TM,0,1058911474621
Rosss8KdLc366Hg8tqigieoLiXWUwguw9giX4HP1UsE,0,1051069275713
qMjtVrryubRzM8Xb19ficVaGmhN9VsBVomN6ayJ3kjB,0,1051044631668
orbit1bWKxnECKLqjhm5rybTiEC2GEYbecyebgEfM5q,0,1010082894698
3bsdnx9djSYfrXTnAjPrfkNydMLXeMf43iKiDvoUTnF8,7,932251279524
5sQqxRuoBT17zbpSMwbcaRxZX2u3ZjfTKC5RAkspEwXi,5,908528516176
34C9C4zhnjbExNcYzdYZyPccMAMdsfqKLDS5jkqcbUow,5,903597870743
9WuDnZMufE2nsuWsTnHjJsjavuKtswTpCy3i4A5kKT8c,7,848345815597
BdoWLiPQSizJiHHS6WKHNW2cFZ4yNyidGcSkzkm1n3oH,5,674144611477
wpd8e4dzFVnCQY3jPuB9J7pKYQd6Mstz5tjWzF97Kxb,7,661039306325
3UvHZSXR9TkRgtKfaeRH17GaiWtCzujVmXK3K1eYZRyg,0,654815960196
BD63LnAhKdHgGw2jJAm8gnfDTBMhaUpC86eAAc6NHNyk,7,609430416165
EWoL98D6ZsVjsTxx1dipex6tZJot4DUpcWtN7cNAYsyz,5,602337756565
Eo8t4mopmQkW8yjxx1uKtfwiJ31Epjc4RvVtMUE3tSoh,0,599059591672
9YGn24qD8ZCU1EKZEsPLSEv7SVAJ4kpbCTmj7fR5TXYv,5,596691959603
6yecu2K5BN1kYCYf6wLEYECg1Dmqf2CyJuD4uZ6iDAQH,7,544832547627
2Eq6YD8P8QXTeoz9h6JHjgZ55t8RSxNdx4waMDCoPmQU,5,524684807997
H57wSQn8sd5skpJ3MWdrFAKXxvGpRWWufeDjBaJApc7y,0,498922623889
Erc9UosWvYMdBQdPWahtDqvsDWYGTjct49LvgtWDcTXU,7,476307941127
EJc4QLsiiX7ap78EqcKBhxZEMUTHZVterxnw9zqaH5rD,7,457685876893
31vn2U3Ue4fDHqB24PU4qNhynGnjNDtUhu5y9bHygbSw,5,430832761686
9wwMLu16KzCo86oL5LijNPqeBEvGba23QfVVqBjRp5b5,7,415306448628
BJRi9zvD1omiBvGDBritrcG4vEX5oKykUeVTScGDr7pN,7,407026097236
nodeEgRVkbYLAQePtMx2zCN7CGw7qRgzKMCBtjMfN1D,0,354017144145
Cj9UuXrk8AJZByDN4SMtACgQQWcFAFrKEygwtErxrxWT,5,337935978316
ESihGHvvNWPBTu3RZohRgEEuBmoyVhgHYTf3Cot9523L,7,336626799174
DVhyTvxBQynKMPKJGNEvmZ6uiNnYW94qGENdGbt9QhVa,7,308912929230
4K8TQcYHjzKyHvReuoPT4pboENga8dYm3SwdgX3UkKVN,5,290396184493
notiUxoFxnxoEjrCDYjPqxcTt4REJUNmMTEsa7j4uve,0,280514799070
CqY9t377f7eEkWMfEwBRjGvQUQXVDrwvK39UEeXNUUm,5,279674768643
GBuP6xK2zcUHbQuUWM4gbBjom46AomsG8JzSp1bzJyn8,0,273042273583
rRjnxfJ1jYofvPKaVHpSvhgtHZ3GuUqWczzgfFd1wDW,7,272909380213
H3n2gVjzxhMWTXgqnrTfi8WdqAcQFuoHy5SqvAdqkMF4,0,270932088742
4677LFwtHEGtAt3s8dK56JsA28BEu8iP8c5s9KHDMR7p,5,256306925787
EDoebfhRVj7pDdYTS8pbrFGEFaFFQXerJ7ncuAR4CXfM,0,256176730911
8o59jbS8MEqSd1J72ryL7dghg9djh2BAUtpkZvTTYh4H,7,254648271613
EXCMwETx5Txcvxt6YYqxFmhSpQKH5BVjdat3NE5eJJ6a,5,251630703505
BjuD62v9RysrburpKb65UKeaAWRSFyi7pFLLxdE3dPv,0,235913907931
2VAofLE2bYNM3ZPGfn6dJh2zqtnmNdD1bGqFet8mVYFN,7,226956051913
HS8DF8wP3A8qSHPnzbE6pSvXub4FeZQ6xMNSJuqArAHS,5,222114484378
991g1j6j3jdz6QFP3F7fegjcFUR8S2RqPFxyQGfjR6Ge,7,212345956976
HYXEkhCCAZE57eUrpZtwTUrEPuzWRdKDDiboyJnCNE7P,0,210489941927
GgaSrLLpHC9N3sXP4Tyw49NHS4HRooCNAqR8QgNcKAUz,100,199997718120
E49w9RGRB588q2g7a2DQYnb5jSTVKVxCwvQdmGJGB9Q8,10,199225978054
31yTzM6jWsuMkfmhNZkYGTPLDaiAQ3vYDZHEwjb5uRRq,5,167033860640
3GAsD6Rxr3oKFYFvXRHaUAd45ZYSAaSy7kbaPnuYfnT2,5,163724547919
Syrd2b19zpvDrSTSkUzRUoPm9xpJkPtfKj77oGDCUHN,0,158986027199
A963nwma1r6tr6VgASiHgj9VKmvXvbFeZHoMW6XT1aiQ,5,158783268298
HBopprq896wLHZUZVazeFAsB9HshhMzD54T5btanhFSS,7,157553363037
BNEYUi39wjxeK6p7NuCS6AGiWhcmft1sVNNzfp9yreEd,7,148828539470
5xPCeFofDqxXYWmKDHZRMaFdx9BNGAb3RSZtMPny46BC,0,144741841292
G98hD3T33SiJa8WcWgJ9coT5fz1F3ciwJjKnecxxd3Bi,5,143033890598
AnLXiqLVCgz35FT32UQvigGj6hDzziDPzJwrKmp99knG,0,140416838289
99fyk4txydK6TY25kjtaZZ5TDgxTycuE47HkMmcTUFdv,0,140416716977
DPVTe1NXragAFB3RLdx5JoYjYmjqX15Wq9rYfevG6Lvf,0,140405051112
DZDvqmNy2bUZTDf26HwyTgcovxgvhFdL9DRhLLSkic17,0,140401959257
DsMzx7nZg7W6iLCG7FFLduKzcRnaJkH8S1b7h8K6kCrf,0,140399754138
2XvCc3uuXZpEbRZVNYhxPCGAznTXB6FcDt3AzAeVWggV,0,135700353023
Ee4qAkGpWJ76W8nwpqVH92upDrNhzpv6dihAFxwMHrjw,5,134978321875
4nPK76BVEj5Mzy6fctkuZrKieNUpxu6mfWVjNy7fBt9X,5,134943583561
4FdHhNNGYnSfH6NgghRxYonbs5ugS7FWuvyCmFe4Z99p,5,134920131140
3voduym7mcH5KwbMigbANpHu14ToWR7SyiDeGW3Sp7Xh,5,134537521990
8jAft2jnKtjx9MQNtiR9cE3RxrsaL8sjJJgCbHAd1XeS,0,132116271175
9Cjoq1m66wqDFhnbyhB5LhKQWhcCynU8USV9qQn42eZu,0,131310687165
CGXbP1cfmydnhHx2HYwgJfSe1UK7k6AamSm2YcpYTJqr,0,131143108234
DGy99kucsjADVPu1rw5WU44M8gsnpDnsWsKsbX2DQWYL,0,130493855384
34v7TexfK4a6onLDKx6UzEn1655HPb5xHcucGJCdNYB8,0,129886341186
CcHWz3tpDVr1gVXLaSj4xxh915Ksd9ze5i1FFFKFJGRq,7,128621791630
9uAtx66puPQZLaP6fMKNKKyRtGzonhaUEdbVopgeWcfS,7,127373926677
EQ1RbBVQx2gs5PQQgMrVx96wZ5ts65GJbEYTGBMnvddS,7,124344070184
2oygbVMTfRmUykKM7ZnRiPs2RRnX1TpdTy1LhH2rxF18,0,123978532031
Ccw4n1JNzcjdEUTYorfZPATWHfmBKV7BHnJ8YDyzqh5s,5,123706589043
DWGupvBwXjUudG1fPqtcuw4qe6ByDzzLhnbr5z7RGWsL,5,123576364206
N2ARmakUWwDStHXxiBxj7V3eMA76vZ5eUWDcsb4CXdx,5,123525279478
7hMD4oMmGT4GsS4DfBKzJ75wSjDhgu2pvcazbvoKPrNs,5,122956403774
6pVZhUW9AZMMFuNVMUds8useZHB7VFT4vvxuA3B9JgW4,5,122554333832
8j5kjKAufwdJH7GitGY18Qp12EhEQkVMc4PWZzGeH8Gw,5,121733205311
3ARtLeVB83RoGAwRot8dh74pc2uqbPi6JwbkwDzqk91m,5,121382387380
DQ62jd3bBydCKgHNCNBudS3muJEbArKoJd14W38S2NHE,7,120458334987
69ZPqJi4jMt3CirCwtXuYt7D9wrCyVo898GJdDVS3G8k,7,119402187760
5fxyp8GDtGWcesu6R42pjFdBhXrwNJ3xyZXnKWTfNLAe,7,119399222918
7ZSVbdE4gTWq7rh8d6a22LoMmSCHNB45aBtnHD5C5bUc,5,119220837206
s4MY1vDYqSzudWjkZh6kpym5KrTDmC7fwBwXxD9sekA,7,119046591315
AbT5bdTdn5WjjjHYzAyhnbLNQcjcM9Uzgy1fhQ1zsh8,7,118869561627
3ddX9QcC6DjFqPTysrFWtR48v5g3wJjB862sji4s5Tui,5,118717277648
Eg2tGoGBkpkk5sSMEzfLQd5V9fvbwpLsBDPGvSVhUwx5,7,118699838817
FzqTJKVsnjobo2jWYX1qPLaWB7R8FyKHUgcbueoNyYGv,5,117361831031
3TPg9z2UQgmNYLT3TvDdzK7kAt4q4jP8WRNXb29yKTEM,5,116828244162
W1FAbXyQJ5iPghy12TqPktwobU5kTD73ZjA6QZCvsRp,5,116574382367
9HwHb4zjcAHENsTf3kmBcUGgPzqMP2iWrL9ddebNT2Nx,5,116447997579
DPBTjDbpGhN6xSF6qmWm1eZBryXcZAQW9C2ZxtNJotsX,5,116014889361
4EhF9QL4igv8YWGULJH3qZGDbai1ERQ7mBbyzWDF3YWn,5,115586985213
9j7JiFdRtcenL3dBgRQRaiS8khGaxSUozrCmKdAfnmjh,5,115430271303
F3dJbecT56EoP51Awv5RXtVTv498QNKWrUDu3rQ5srvY,5,115359612450
C8H7mCWTYDX3LJUgAH5hqmVUQAwdAyHpybTZgvfCJDaM,5,115314364971
F5CRSKK34yQ1G43WnnP5vy9sj4YxthBWM4ct3wGzaB6n,5,114503651821
Bb4BP3EvsPyBuqSAABx7KmYAp3mRqAZUYN1vChWsbjDc,5,114451980417
AUa3iN7h4c3oSrtP5pmbRcXJv8QSo4HGHPqXT4WnHDnp,5,114363736525
8rWDbEsuz4UWF2ZXiHhMECPkTZm51YrRaQSoSz8RPz2H,5,114325877618
7Gjec4iDbTxLvVYNsRbZrrHdtyLByzdDJ1C5BmcMMBks,5,113867507368
BL3LRoi6cegSLBa3t8MD564iLoJbG9ZVe9ciqCUpk1CT,5,113615656993
C3NxKEWdbR2XfHkCgbu2wCFeCCduJYkJ2pEomKx2wjRP,5,112448908034
4CymATQ8a9qJUmCh5ygNFCePNQVgiKGkobvki5i45BiB,5,111795687869
9vpYXvRdqNJD2YKRZ9q6Xm7fh4FdPGuc5PBZSusv8vbi,5,111716262409
BT9ZFvsDfX6WpLFqmWEYuLuE5i3SxzdSJ1Vzm9arbRub,5,111340357091
Fz6BL7pe2F8Fc78ZgLrPuXv9w8rz9UY3AZnDaxyGvuBT,5,111320620948
AWqkGtq9rgpMDc7pTKe62aJuaX8ZvrnZxCpr8nfpDSCK,5,111077408681
3Uwkpd9ZKxhuTDWKuiFbJee9Z1ZJPxpkin9476Bwc7Ha,5,111064129155
4pc3MP7VM6J7HF7B4TF3NRhP6ayExjcitiAb8wB63Jvi,5,110819586090
3VV7jhspRhapnvCHTNxJeUzEXCpAJGSYbhHeCvTndHHa,0,110556080515
F5ERVawfscHaqdAWuZ5eY5yA459B3FgR42aj1hKWNjNK,5,109823770577
Au4h7vfDGzb6PYz576NpSkyPD4PrUEJbHb6HyRD2WZia,5,109738945303
ESX5Q9powgfUL8cssZmLMwaJCjfRDn8kYJ5ZVZqPU95P,7,109671640912
AYNvSS5XV23ezdUBUzMjrZoGpmDibADE7P3edS4wNKAv,0,109405664377
AxUSumtHLyuAXhNgWGnkoCLrV4UZagfrkAFcRDBJLYv3,0,109048890222
6w2vQK2ZZkj3unHMCQjoXLqUwCAxB648NR1yBerUbFNP,7,108131958546
4Wa8jP3TpfPPPxFQxAmoV9kWwnZ6X5R3jgpqmSdAsNq2,5,107861080682
AccoZSbu37g4qNey83gy7iToLjDq4zrxdgMn1LKGqhox,5,107860148163
HYLo1uWMLxR51jJuP2YxBT2DwAxA43pt2PdRJWryZQFe,5,107597548592
HbQwCgDvVZF5pMdGZMdX2poPU43RyF1TxQLz6LFMqYRF,5,107589327955
HzNwDXpszprUUVvxPtiQMV44C9Has24HEBpPRoG4gg1T,5,107543996329
H47hFQDB8gvDBTwhNAKMALsDQtP87ZBYMC7VwSrc1XDo,5,107501064593
Fx67BgATzUCXtHKX9qDaGGKrANLWhLixjMuRT4dT3JKh,5,106119031425
2hwe7jL8GRZ87QpdfdizUfLWsy9PjYUnpZvRMSeubsRp,7,105777869468
hDwKSYB3cG1oL68zTPpNZsiAmVe2W6ptCFdeb7z8wFc,5,105314975550
A2BewLMpGBVpxUo5TiqZ2xg5aMfGayk1hHi1eW3GvGyy,7,104440361807
5xWWpAsHUKcFMCwsoD8NGV1GaMmWjH8af73ktaeVVehA,7,104075049727
EZUq9TkX3LBFEQRpwGu6pdKEsJYT17zbX6eoZYCFfAtw,7,103900299504
4rXCssbNbfGjPH727pBJXix3DPy47PN3ZVGMERdZQQ3D,0,102611676357
FhK2RqfNMDA6KXpxS88NJXZMtTioQEe43QcKym8KbcMQ,0,102393475454
BngWWH7NCcW6Wb5Qfopg4cLCtBUZqVECDmvnqMAvbJRU,5,101767007634
8zCvn46T3E4hoQfixpn29kGQcECTqGGkoLXhPTYBu6eR,5,101601020090
2FtwoBFTBFt4FKpeQAh1otggKPhPHh1Aka2dQ7LvyKyD,5,101289644308
81kscpE2MDaQY5SwgYaLZqTBNA7GDz63KogmPQwVKUka,7,84250371234
ACPAr8MudRmo8nQqnSPc59im8kiBty2RAHT1sWpXfpUM,7,79728553609
4ZntDHEBsPycaJPm4JxPwBc6ZhQHHCQorvuWaS116Wn4,7,65874276247
HeySTSL4FcDakZHn7UAZy5Bb9SMgWaiB8euq1PHqLWaK,0,52157220362
EMe63seyaNfLXU5XMcdg2vYSRiP4v4BRy7xZD9wcVRTP,0,51475824485
52BCBMxuCsRE7YQ6iv4YoptYSWtzwf4vaamnbpzdp2re,0,45630785565
CrV8KuYnZVPAfjyVWMff4CAqhdacind6HsgBGt5M71iZ,0,42327759763
BPX9WVx1MjVpSWY9fo3hGXfE74yKXcreS2XYKjpiyJfZ,7,39269418899
2na3vueUBtYDBy1iHFRsiC1oTj5mfKrHXhjdiNaGQ1AS,0,37304555087
AcrA5Qn3DsptVjyVF4PK8hQxXNALinjAP2rGQ5YR6zYT,7,28771255325
CgwKP4kM6B9giquCADDXQxik7BJR5L7m2EC2ntPnQoJy,7,25844926524
82LRaauvKeJV5YxKaXhCL7DsyGWTNFGneCkQ2Ej671M8,7,19736730789
6haHPNUCV3D5aG4aUpW2s5L1AvKWFmejcUXm6v3x5tK9,0,18642479862
D1KH1UwfTLaBW3NubpvNv4ze9S7SKW6jd5TLdrwZgLP1,7,13172554072
Cr3NTaeoAVcT2qJsXxyx3V3XraVWD7Mje3TGzvK9xwsq,0,12545904925
9uSivSTTFpBqavJqumpJDGGBhibQ5PGJHgXQgCBbk447,0,10117436158
B4vhgs9bf7hwBK6iDunm9WdRE8T7ynJ9PND8Cg8u682d,0,10046646623
3VeGAcbXNzrUUoXrpee1WzQBnXo9yqTtURxEKfwy6v1V,0,9973216452
3pSDv6etfqt2v8hPwfV1joQ69mePzynpKQfko1rayG7e,0,9092505834
9xoQZuDuMLT8TLHWcEUx3QAC4Rr2wNkgriN4KFo6FTgS,5,9072088987
Cm6mP8xds3SkFiy91tPZUaDtJ258HcqtZsy6A761Kwmg,0,8589546725
3n7mZaehg8vskkSQY7VuF7yxpG1tYiqeVVHAwgagWjAo,7,7410581443
HuVuiJmd5155rPM7yKmDkVPBYPCiJTMw1MD8Hx6PBwok,7,7407734326
5sDcHFmfP1DXLfYjbeoNwCRzNeioK7KsXbTj2Qr56DcA,0,5005153577
4cuZcz8s18cP3kTACZ5ovXCnYPBSwP9VZhfVP8M7HGM1,0,5002965568
3WyA7gWkTwdeYLqyQsX1tS9LoC51VdA2SX5LbqwwWRzm,0,5002824459
C3HCP22LMoZUzTkELB7jXa1XHLrmVyRkGEhehTWfknU1,0,4952543980
HboFrrRBVea11vvSTanJ1rheoQ9CYx4ronPgpUubS8uq,0,4648946072
AmKhZ2k8kq9HwZZr3FMi1UJsyPQLAeg7WCHMfjLow6bp,7,3482344328
n1njCoNWEUEJ7QFdqGyP7xM5knLxDb5YLu2hi3hGmHR,100,3059717120
9QqwhT5x9AUdpGxudT5Mrr3yEcTin1daxbs5LzU6SUVF,7,3055468265
8zsFC53KUX2B1Rorf3RxBBzVeukxtiKsfobFvA3p2eTG,7,3025179730
6M53yM6dsE6hiaHgxWvYa4fsfzQTGyAZn7rM6JrzbqJV,5,2994047587
5hyHG7SnmJAHZmM9shuq6BXxLSG2EeosMH3ZohtaewFM,7,2709942402
4ZRq7rNhvo1UJEVhz8Sez5nugQVpJRPd5Bqeq9t9RvtV,7,2415985527
J5wNgFnrLQiRLHEzySuYphYpz7cQsTmwkVWxEKPJcLWe,7,2303397327
9UsSQ9m5QemVf9NFmKncDDXGFGzUXMiFay9Fv7rUmjtV,7,2303033126
cerEEJJsaZJwupXWHJt5o5iobAgmLw8nVePA3qvaB4m,7,2301901743
CFeXt8sBqgagHSkbsPfw9MpbffmxwBVKp6Jdjc8yACeQ,7,2297691141
ACqmpSnHKkwPaPx7p3MEHh5WFQeRSHyxBUTygtKsn7bw,7,2297256935
84PoFcoB6sqNb7C9f5pPCiVhwHhQDER2hMRu7BXDAg3n,7,2296758232
FPDzex8iJBMg9APpimUuhNcfaQJnUFWxSSJmdbiyCtZw,7,2296593256
9qxAWvMWzPLcPmPsj2SXnZ5HUWvgFjFVnQCAYLoLtSV5,7,2296502336
ERCKpwRXracenvc4jF9or7STjME9bmiE6iMArCPvxpaF,7,2296337848
7vydmmqVDcJy4HRR3dLSbWchn9ZPmFMB6cRNYZvnKRzd,7,2296134990
FT19eGcaaMeQQM6u32nhfAoZwf2G6NjcSwUi75JsRyTj,7,2294999762
9obi1wz8nd2YPZ4cX8P8sH2pkRWe9btMHHKa3tjEhamQ,7,2294370383
8nyBQB8uzHFS3ArQ5mVVRcnAoSnJJ4PN7UwRJ8UyrAFe,7,2293845228
HZNH3NDtzhBvfw3GrEBDcpx4ZVKNKC7mP5N6JEiB6QEc,7,2293350761
FGtqr2SqJBpUioE5Wow7neqKSqZUMWbcpRKbDpixMr1N,7,2292974921
XandS3D9NUPJScm4SoTCRsWdyc5bMYZRhgaMtKeEUpQ,100,1998717120
DANCERiL4GCnfNUeV43NEysaZtNrCc1sT3hsDgiedwwy,5,1400590568
DTZkVM6XYakP962sgpHNfCUHkyjKTb7AVDAZrNxrHoku,0,1295434240
5QVLsVbtpc3whm3AjwCUTPVmd6QxskuDtqd2Vy8zZ5Af,7,1231633061
Xbk4tCYoTmxDH98ymRKyh95h5LEUaH229YbiP5avzyW,0,1200794119
DSgY41vCWSi57q3DK9V5FzFpegSXM6YpjmhiSKjByiU7,0,1200793790
EXAJfWzR6SmYyWQpCrP6o8Ppj9YNPVLjdHZNssC12xjV,0,1200791369
29r4yNFTEczzMxLN39jPj59dZZjLZdr5p1HyjQC5Wvnu,0,1200787797
3nDWTwNKvfLBJRoUtPyub9QpsJWsDdck8WxZ8Z4NwNY4,0,1114807479
fore36GHRGq2hRS3TTXpukE2ZUSd1dyfW1oo9QsMgT1,0,1113490712
CQY7Va3CRCiwEw3ZEvdtZDzqK8A1ABnqq7Cte5zpGMnW,0,1103419450
3X9j86YuBruKGrKJejeKUfYbhJw3MRBa4wSReyCo97oY,0,1097717120
2yZp99ZaYwr3od5FRvf582aFdDdEFw1PAi3p4Hndn8JT,0,1097717120
3oCmL3sHYpoCehksyx1zfsubhgnGmtdJi3n7e7auaA9y,100,1097717120
DGrqrqzx2kFcgtiwGxn2AYsM9riohrrJJmwaE6zXYnNc,0,1097717120
23TFLAt7RwdD1Mdg35gjrDMs1nBCMTVxriLxTLm3SW3k,0,1097717120
HSockkxSRQVqBUtEe19a7gpiUoheW8XLjeMD24kA8FHK,0,1097717120
3ZcnhyzdWzv2dHFHQ5BYXV2jRU7eGgn8phs8XH1KNVvP,0,1097717120
FT4jmWNbwMXAaZQMKJ3ZppUfvtsTS3ocn3bZfYNwRdjt,0,1097717120
D1rZBQ8n1FWEZAKM9TprGMHiUYsynVkwtsyxxTZ5Vstz,0,1097717120
7KvQyGkrQbkXE3F2csybrXrXdaefzzA3y3i76qTEBGnB,0,1097717120
B5SKPrpWe6Cz5vAZif7edVDVB8JWPJu1Jmxp5C9RqybT,0,1097717120
8RX2ZUeZwJAsTver9rzTUaF5wqZJ34AiW4ns1VZWJ7QN,0,1097717120
Ehji2gfxABbzu4Cha8dCf9dd7ey3d8pHKgdiWeEtGCKd,0,1097717120
EyXKfMhSvSQ2Kaqm3MnKxqPp26EDF39Fwhp5iJuXedkt,7,1024859627
7Z8h6kgJyVLdNaikt3xGoVkyNWkH54MuNT3USD2K396u,7,1024785601
Do4hQWUQuGwGRDiJJqCgbsG4Zcbz2XGqbQ4Gq9KE6ZVm,100,1007717120
ABYc7JjwGcFgLbfbPnR7YUBdwyfoDZ9srJFjjBn3uHTJ,7,998837325
6zWA3Mz9nuvAmrnLoXDDBcMEnoAyNPHAx3AAsWzYJ7WP,0,998069020
BPH7WqtE7e9AEqX5uUiVteddYVaFceCikGiXtUiVMRi9,0,997717120
AbAuxXiZuKk5EhvqPpN4troxFEEf2d7ZQNFkyq5H7xzT,0,997717120
6v7KtUxV2h5tJgwx7A4dvJN4gFs1ncCQqXFtk7uhhBu6,0,997717120
9XnWfvMeXrZpH6gVibu9DMdc5GJjvkGobsidXCwqA5zL,0,997717120
9xDtsWnHdJxbNXKhMYmk2wowGK88zjDKh6BRFKkKf3jd,0,997717120
E4HAjLM3Bp1W67cFwX74qPAi2cMbyxMb2oaPf1MJmCq9,0,997717120
Afa2he6cASX4aeoE3GJBeuvCoL9torkopc4tDEcsfhJD,0,997717120
STLVae4PeYnKhNXgry9UGoA8QCgi2Pbp6PmmeJBxryz,100,997717120
5KHkuX5D7deR2sKWR5JUhhdD2nUaEytL64DV6B3XAoxn,0,997717120
CG4tRANBKrzUmpv93V5sgftjQznBdiJsc2yPCzZWWuS9,5,898641706
efNAqMdq9YYv8yhpymbW3LsfRfaF4V74XYwXn3kFJ7H,0,100203608
8ocMLVWb1QeBS9wwknMhyrDYwvPb2Xj2GXUjzzXc2sdQ,100,47717120
CteW9gxQPykacgP6fsG7TgZHwzuGh3SC1LUCd9GcDNPW,7,4293461
46fbxbAKbsPkRBosiZxesPnB4rNLZE4H22wmiK3LwRU7,7,4210144
AKqgh6Bj9P2Gyj9xty8cX92Cu9HDFjT5PeYx8wymSs79,7,4173816
CLPTaHncA8Pb1MmZxnD4uftzSChUEKNfzxpWEVisdfFj,7,4149328
HPCSEfKwYbekXPCjJyiNtFAzEmRPVr4Z6kGtaTegRsi8,100,4000000
G72oBA9cRYUzR8Q9oLvJcNRx5ovcDGFvHsbZKp1BT75W,100,4000000
GWeCYsThGTLzsozCiwDUHoDHPwMoij91Vd5Cn7NDoWjP,7,3820563
3M14W2sopNFgnKwEvWeWao5YCsWMWvBocrMTb3axsagq,7,3114613
BDQ9aAm4xJkkCALkcpFhZc4azz1okLnWij27V8vwP8Yq,7,3097606
G5gB5wn7bw6BqWUEY4Yq6PHAt8asxa1B41NW93c73Poi,7,3097201
Af4Upmy1DBQRstKnobtAw4xdVLzitSsbQaCMKiuwmFSG,7,3095253
DTh4Vm6erLe7Tn3nEaZZwaNgNBULBg9EsfXxgibYX4ge,7,3094549
J6NWrn7w6u3rPqHzo6j89aGQL2jVhBy9c7aqhDS36vfs,7,3094295
HjBfxLRVwcxebL2f3Tu9x6qMN4jjaaVbLbfizVZaKixV,7,3074397
qyeu8PCvnPxPYB4dnCYsdMvArkm3msVSMtHuF2QA1q3,7,3074304
Gqic1jyRBFEX5SPAKJpULf4om42bg1oBu2WUq9zFXrjZ,7,3073972
62hPaaJ7H9XN1hdmTnZZtB73sm2Ue9PQB2C1gqVvZfai,7,3072947
7NuPY59qqtASzeyeRLHZ7D7TLLStn87s3tDJ3A69yAX8,7,3072042
Ar41pHwRLQfpSJLvQRrVnEfeRKxFPEuEZHioRkhQybh4,7,3056460
9bZMAtgfcbaPrDC2kh7vi9DmQVSzPD7qWkLokc1kAQAy,7,100195
